price,bedrooms,dwell_type,street,neighborhood,furniture,title,square_feet,cityname,state
1025,1,Apartment,"240c7 laurel st #c7, hartford, ct 06105",Hartford,Unfurnished,"240c7 laurel st #c7, hartford, ct 06105$1,025/mo1 bd1 ba870 sqft - apartment for rentshow more",870,hartford,CT
925,1,Apartment,"41 ward pl apt c-2, hartford, ct 06106",Behind the Rocks,Unfurnished,"41 ward pl apt c-2, hartford, ct 06106$925/mo1 bd1 ba600 sqft - apartment for rentshow more",600,hartford,CT
975,1,Apartment,"(undisclosed address), hartford, ct 06106",Hartford,Unfurnished,"(undisclosed address), hartford, ct 06106$975/mo1 bd1 ba590 sqft - apartment for rentshow more",590,hartford,CT
935,1,Apartment,"218 s whitney st #b-6, hartford, ct 06105",West End,Unfurnished,"218 s whitney st #b-6, hartford, ct 06105$935/mo1 bd1 ba600 sqft - apartment for rentshow more",600,hartford,CT
1049,1,Apartment,"1046 capitol ave, hartford, ct 06106",West End,Unfurnished,"1046 capitol ave, hartford, ct 06106$1,049/mo1 bd1 ba700 sqft - apartment for rentshow more",700,hartford,CT
1055,1,Apartment,"77 silver st #2n, new britain, ct 06053",New Britain,Unfurnished,"77 silver st #2n, new britain, ct 06053$1,055/mo1 bd1 ba750 sqft - apartment for rentshow more",750,new britain,CT
1050,1,Apartment,"(undisclosed address), hartford, ct 06114",Hartford,Unfurnished,"(undisclosed address), hartford, ct 06114$1,050/mo1 bd1 ba850 sqft - apartment for rentshow more",850,hartford,CT
1055,1,Apartment,"115 oxford st #a-7, hartford, ct 06105",West End,Unfurnished,"115 oxford st #a-7, hartford, ct 06105$1,055/mo1 bd1 ba700 sqft - apartment for rentshow more",700,hartford,CT
1075,1,Apartment,"843 main st apt d, manchester, ct 06040",East Side,Unfurnished,"843 main st apt d, manchester, ct 06040$1,075/mo1 bd1 ba500 sqft - apartment for rentshow more",500,manchester,CT
1075,1,Apartment,"10 orange st #1n, hartford, ct 06106",Parkville,Unfurnished,"10 orange st #1n, hartford, ct 06106$1,075/mo1 bd1 ba900 sqft - apartment for rentshow more",900,hartford,CT
1075,1,Apartment,"14 standish st apt 1w, hartford, ct 06114",South End,Unfurnished,"14 standish st apt 1w, hartford, ct 06114$1,075/mo1 bd1 ba827 sqft - apartment for rentshow more",827,hartford,CT
1085,1,Apartment,"39 imlay st #c-5, hartford, ct 06105",Asylum Hill,Unfurnished,"39 imlay st #c-5, hartford, ct 06105$1,085/mo1 bd1 ba945 sqft - apartment for rentshow more",945,hartford,CT
1090,1,Apartment,"131 washington st apt 106, hartford, ct 06106",Frog Hollow,Unfurnished,"131 washington st apt 106, hartford, ct 06106$1,090/mo1 bd1 ba450 sqft - apartment for rentshow more",450,hartford,CT
1095,1,Apartment,"352 laurel st apt 101, hartford, ct 06105",Asylum Hill,Unfurnished,"352 laurel st apt 101, hartford, ct 06105$1,095/mo1 bd1 ba800 sqft - apartment for rentshow more",800,hartford,CT
1100,1,Apartment,"123 zion st #2c, hartford, ct 06106",Behind the Rocks,Unfurnished,"123 zion st #2c, hartford, ct 06106$1,100/mo1 bd1 ba800 sqft - apartment for rentshow more",800,hartford,CT
1100,1,Apartment,"235 collins st, hartford, ct 06105",Asylum Hill,Unfurnished,"235 collins st, hartford, ct 06105$1,100/mo1 bd1 ba1,350 sqft - apartment for rentshow more",1350,hartford,CT
1100,1,Apartment,"192 s main st #4, new britain, ct 06051",New Britain,Unfurnished,"192 s main st #4, new britain, ct 06051$1,100/mo1 bd1 ba650 sqft - apartment for rentshow more",650,new britain,CT
1100,1,Apartment,"(undisclosed address), new britain, ct 06051",New Britain,Unfurnished,"(undisclosed address), new britain, ct 06051$1,100/mo1 bd1 ba850 sqft - apartment for rentshow more",850,new britain,CT
1100,1,Apartment,"94 booth st, new britain, ct 06053",New Britain,Unfurnished,"94 booth st, new britain, ct 06053$1,100/mo1 bd1 ba750 sqft - apartment for rentshow more",750,new britain,CT
1100,1,Apartment,"128 park st apt b2, manchester, ct 06040",South Green,Unfurnished,"128 park st apt b2, manchester, ct 06040$1,100/mo1 bd1 ba648 sqft - condo for rentshow more",648,manchester,CT
550,1,Apartment,"6708 avenue i #4, houston, tx 77011",Magnolia Park,Unfurnished,"6708 avenue i #4, houston, tx 77011$550/mo1 bd1 ba300 sqft - apartment for rentshow more",300,houston,TX
645,1,Apartment,"Twin oaks apts, 3222 pasadena blvd, pasadena, tx 77503",Houston Suburban Homes,Unfurnished,"Twin oaks apts, 3222 pasadena blvd, pasadena, tx 77503$645+/mo1 bd1 ba740 sqft - apartment for rentshow more",740,pasadena,TX
650,1,Apartment,"5007 nassau rd #a, houston, tx 77021",South Side,Unfurnished,"5007 nassau rd #a, houston, tx 77021$650/mo1 bd-- ba240 sqft - apartment for rentshow more",240,houston,TX
625,1,Apartment,"(undisclosed address), beach city, tx 77523",Beach City,Furnished,"(undisclosed address), beach city, tx 77523$625/mo1 bd1 ba500 sqft - apartment for rentshow more",500,beach city,TX
650,1,Apartment,"15729 e williams rd #c, conroe, tx 77303",Conroe,Furnished,"15729 e williams rd #c, conroe, tx 77303$650/mo1 bd1 ba250 sqft - apartment for rentshow more",250,conroe,TX
650,1,Apartment,"6826 myrtle st #1/2-b, houston, tx 77087",Greater East End,Unfurnished,"6826 myrtle st #1/2-b, houston, tx 77087$650/mo1 bd1 ba160 sqft - apartment for rentshow more",160,houston,TX
650,1,Apartment,"2008 romans st #1/2, houston, tx 77012",Greater East End,Unfurnished,"2008 romans st #1/2, houston, tx 77012$650/mo1 bd1 ba360 sqft - apartment for rentshow more",360,houston,TX
617,2,Apartment,"Heatherbrook, 2000 tidwell rd, houston, tx 77093",Northeast Houston,Unfurnished,"Heatherbrook, 2000 tidwell rd, houston, tx 77093$617+/mo2 bds2 ba1,031 sqft - apartment for rentshow more",1031,houston,TX
650,1,Apartment,"3325 tampa st #c, houston, tx 77021",South Side,Furnished,"3325 tampa st #c, houston, tx 77021$650/mo1 bd-- ba240 sqft - apartment for rentshow more",240,houston,TX
675,1,Apartment,"335 county road 6022b spc c, dayton, tx 77535",Dayton,Unfurnished,"335 county road 6022b spc c, dayton, tx 77535$675/mo1 bd1 ba400 sqft - apartment for rentshow more",400,dayton,TX
693,1,Apartment,"Bankside village apartments, 6425 bankside dr, houston, tx 77096",Brays Oaks,Unfurnished,"Bankside village apartments, 6425 bankside dr, houston, tx 77096$693+/mo1 bd1 ba734 sqft - apartment for rentshow more",734,houston,TX
700,1,Apartment,"8102 bowen st #8110, houston, tx 77051",South Side,Unfurnished,"8102 bowen st #8110, houston, tx 77051$700/mo1 bd1 ba600 sqft - apartment for rentshow more",600,houston,TX
700,1,Apartment,"3205 illinois street - 4, 3205 illinois st, baytown, tx 77520",East Baytown,Unfurnished,"3205 illinois street - 4, 3205 illinois st, baytown, tx 77520$700+/mo1 bd1 ba685 sqft - apartment for rentshow more",685,baytown,TX
700,1,Apartment,"7609.5 canal st #1, houston, tx 77003",South Central Houston,Unfurnished,"7609.5 canal st #1, houston, tx 77003$700/mo1 bd1 ba6,000 sqft - apartment for rentshow more",6000,houston,TX
725,1,Apartment,"5523 avenue o 1/2, 5523 avenue o 1/2, galveston, tx 77551",Galveston,Unfurnished,"5523 avenue o 1/2, 5523 avenue o 1/2, galveston, tx 77551$725/mo1 bd1 ba800 sqft - apartment for rentshow more",800,galveston,TX
725,1,Apartment,"1617 marlin - 07, 1617 marlin st, houston, tx 77023",South Central Houston,Unfurnished,"1617 marlin - 07, 1617 marlin st, houston, tx 77023$725+/mo1 bd1 ba650 sqft - apartment for rentshow more",650,houston,TX
725,2,Apartment,"2400 boss st., 2400 boss st apt 3, la marque, tx 77568",La Marque,Unfurnished,"2400 boss st., 2400 boss st apt 3, la marque, tx 77568$725/mo2 bds1 ba794 sqft - apartment for rentshow more",794,la marque,TX
735,1,Apartment,"4720 polk street - 4, 4720 polk st, houston, tx 77023",South Central Houston,Unfurnished,"4720 polk street - 4, 4720 polk st, houston, tx 77023$735+/mo1 bd1 ba650 sqft - apartment for rentshow more",650,houston,TX
750,1,Apartment,"(undisclosed address), galveston, tx 77551",Galveston,Unfurnished,"(undisclosed address), galveston, tx 77551$750/mo1 bd1 ba1,000 sqft - apartment for rentshow more",1000,galveston,TX
750,1,Apartment,"Donna's corner, 814 3rd ave n #2, texas city, tx 77590",Texas City,Unfurnished,"Donna's corner, 814 3rd ave n #2, texas city, tx 77590$750/mo1 bd1 ba500 sqft - apartment for rentshow more",500,texas city,TX
625,1,Apartment,"Robson 3535-37, 3535 robson st #3537, indianapolis, in 46201",Near Eastside,Unfurnished,"Robson 3535-37, 3535 robson st #3537, indianapolis, in 46201$625/mo1 bd1 ba300 sqft - apartment for rentshow more",300,indianapolis,IN
595,1,Apartment,"3121 e michigan st #b, indianapolis, in 46201",Near Eastside,Unfurnished,"3121 e michigan st #b, indianapolis, in 46201$595/mo1 bd1 ba600 sqft - apartment for rentshow more",600,indianapolis,IN
575,1,Apartment,"1615 main st #1-7, anderson, in 46016",Anderson,Unfurnished,"1615 main st #1-7, anderson, in 46016$575/mo1 bd1 ba600 sqft - apartment for rentshow more",600,anderson,IN
600,1,Apartment,"1233-1235 east 29th st, 1233-1235 e 29th st #1, anderson, in 46016",Anderson,Unfurnished,"1233-1235 east 29th st, 1233-1235 e 29th st #1, anderson, in 46016$600/mo1 bd1 ba500 sqft - apartment for rentshow more",500,anderson,IN
600,1,Apartment,"2002 jefferson street, 2002 jefferson st #3, anderson, in 46016",Anderson,Unfurnished,"2002 jefferson street, 2002 jefferson st #3, anderson, in 46016$600/mo1 bd2 ba725 sqft - apartment for rentshow more",725,anderson,IN
645,1,Apartment,"1413 walnut st, 1413 walnut st #3, anderson, in 46016",Anderson,Unfurnished,"1413 walnut st, 1413 walnut st #3, anderson, in 46016$645/mo1 bd1 ba440 sqft - apartment for rentshow more",440,anderson,IN
650,1,Apartment,"636 e 37th st apt 6, indianapolis, in 46205",Mapleton - Fall Creek,Unfurnished,"636 e 37th st apt 6, indianapolis, in 46205$650/mo1 bd1 ba550 sqft - apartment for rentshow more",550,indianapolis,IN
595,1,Apartment,"2112 lafayette-2112 1/2 lafayette, 2112 lafayette st #1/2, anderson, in 46012",Anderson,Unfurnished,"2112 lafayette-2112 1/2 lafayette, 2112 lafayette st #1/2, anderson, in 46012$595/mo1 bd1 ba400 sqft - apartment for rentshow more",400,anderson,IN
525,1,Apartment,"2117 mckinley st, anderson, in 46016",Anderson,Unfurnished,"2117 mckinley st, anderson, in 46016$525/mo1 bd1 ba1,288 sqft - apartment for rentshow more",1288,anderson,IN
650,1,Apartment,"526 w. 9th st., 526 w 9th st #2, anderson, in 46016",Anderson,Unfurnished,"526 w. 9th st., 526 w 9th st #2, anderson, in 46016$650/mo1 bd1 ba400 sqft - apartment for rentshow more",400,anderson,IN
500,1,Apartment,"2214 george st, 2214 george st #1, anderson, in 46016",Anderson,Unfurnished,"2214 george st, 2214 george st #1, anderson, in 46016$500/mo1 bd1 ba599 sqft - apartment for rentshow more",599,anderson,IN
550,1,Apartment,"505 east 8th street, 505 e 8th st apt c, anderson, in 46012",Anderson,Unfurnished,"505 east 8th street, 505 e 8th st apt c, anderson, in 46012$550/mo1 bd1 ba1,875 sqft - apartment for rentshow more",1875,anderson,IN
595,1,Apartment,"6052 e washington st #b, indianapolis, in 46219",Irvington,Unfurnished,"6052 e washington st #b, indianapolis, in 46219$595/mo1 bd1 ba600 sqft - apartment for rentshow more",600,indianapolis,IN
645,1,Apartment,"6264 eastridge dr #200, indianapolis, in 46219",Eastside,Unfurnished,"6264 eastridge dr #200, indianapolis, in 46219$645/mo1 bd1 ba330 sqft - condo for rentshow more",330,indianapolis,IN
650,1,Apartment,"213-1 s madison ave #2, anderson, in 46016",Anderson,Unfurnished,"213-1 s madison ave #2, anderson, in 46016$650/mo1 bd1 ba600 sqft - apartment for rentshow more",600,anderson,IN
650,1,Apartment,"213 madison ave, anderson, in 46016",Anderson,Unfurnished,"213 madison ave, anderson, in 46016$650/mo1 bd1 ba600 sqft - apartment for rentshow more",600,anderson,IN
675,1,Apartment,"439 w 11th st #2, anderson, in 46016",Anderson,Unfurnished,"439 w 11th st #2, anderson, in 46016$675/mo1 bd1 ba643 sqft - apartment for rentshow more",643,anderson,IN
699,1,Apartment,"Oxmoor indy, 3640 n meridian st apt 15, indianapolis, in 46208",Crown Hill,Unfurnished,"Oxmoor indy, 3640 n meridian st apt 15, indianapolis, in 46208$699/mo1 bd1 ba700 sqft - apartment for rentshow more",700,indianapolis,IN
699,1,Apartment,"Kensington gardens, 7298 n kensington way, mccordsville, in 46055",Gateway Crossing,Unfurnished,"Kensington gardens, 7298 n kensington way, mccordsville, in 46055$699+/mo1 bd1 ba621 sqft - apartment for rentshow more",621,mccordsville,IN
700,1,Apartment,"1020 west 5th street, 1020 w 5th st #1020, anderson, in 46016",Anderson,Unfurnished,"1020 west 5th street, 1020 w 5th st #1020, anderson, in 46016$700/mo1 bd1 ba550 sqft - apartment for rentshow more",550,anderson,IN
695,1,Apartment,"8808 orchard st #b, liberty, mo 64068",Pleasant Valley,Unfurnished,"8808 orchard st #b, liberty, mo 64068$695/mo1 bd1 ba500 sqft - apartment for rentshow more",500,liberty,MO
700,1,Apartment,"511-513 prospect ave unit 6, kansas city, mo 64124",Pendleton Heights,Unfurnished,"511-513 prospect ave unit 6, kansas city, mo 64124$700/mo1 bd1 ba700 sqft - apartment for rentshow more",700,kansas city,MO
650,1,Apartment,"Eagle's nest apartments, 1440 n 38th st, kansas city, ks 66102",Northwest,Unfurnished,"Eagle's nest apartments, 1440 n 38th st, kansas city, ks 66102$650+/mo1 bd1 ba550 sqft - apartment for rentshow more",550,kansas city,KS
700,2,Apartment,"8720 e winner rd #1/2, independence, mo 64053",Independence,Unfurnished,"8720 e winner rd #1/2, independence, mo 64053$700/mo2 bds1 ba600 sqft - apartment for rentshow more",600,independence,MO
695,1,Apartment,"532 gladstone blvd apt 15, kansas city, mo 64124",Northeast Kansas City,Unfurnished,"532 gladstone blvd apt 15, kansas city, mo 64124$695/mo1 bd1 ba375 sqft - apartment for rentshow more",375,kansas city,MO
700,1,Apartment,"Victory park apartments, 12322 e 3rd st, grandview, mo 64030",Grandview,Unfurnished,"Victory park apartments, 12322 e 3rd st, grandview, mo 64030$700+/mo1 bd1 ba675 sqft - apartment for rentshow more",675,grandview,MO
695,1,Apartment,"13817 holmes rd apt 11, kansas city, mo 64145",South Kansas City,Unfurnished,"13817 holmes rd apt 11, kansas city, mo 64145$695/mo1 bd1 ba600 sqft - apartment for rentshow more",600,kansas city,MO
695,1,Apartment,"524 benton blvd apt 25, kansas city, mo 64124",Northeast Kansas City,Unfurnished,"524 benton blvd apt 25, kansas city, mo 64124$695/mo1 bd1 ba450 sqft - apartment for rentshow more",450,kansas city,MO
725,1,Apartment,"9408 e 23rd st s apt 2e, independence, mo 64052",Independence,Unfurnished,"9408 e 23rd st s apt 2e, independence, mo 64052$725/mo1 bd1 ba400 sqft - apartment for rentshow more",400,independence,MO
725,1,Apartment,"1613 everett ave #11, kansas city, ks 66102",Riverview,Unfurnished,"1613 everett ave #11, kansas city, ks 66102$725/mo1 bd1 ba550 sqft - apartment for rentshow more",550,kansas city,KS
695,1,Apartment,"13821 holmes rd apt 7, kansas city, mo 64145",South Kansas City,Unfurnished,"13821 holmes rd apt 7, kansas city, mo 64145$695/mo1 bd1 ba450 sqft - apartment for rentshow more",450,kansas city,MO
725,1,Apartment,"6007 e 152nd st apt b, grandview, mo 64030",Grandview,Unfurnished,"6007 e 152nd st apt b, grandview, mo 64030$725/mo1 bd1 ba580 sqft - apartment for rentshow more",580,grandview,MO
725,1,Apartment,"1617 washington blvd unit 15, kansas city, ks 66102",Riverview,Unfurnished,"1617 washington blvd unit 15, kansas city, ks 66102$725/mo1 bd1 ba535 sqft - apartment for rentshow more",535,kansas city,KS
725,1,Apartment,"138 s cypress ave apt c, kansas city, mo 64123",South Indian Mound,Furnished,"138 s cypress ave apt c, kansas city, mo 64123$725/mo1 bd1 ba630 sqft - apartment for rentshow more",630,kansas city,MO
725,1,Apartment,"Twin elms apartments, 4109 paseo blvd, kansas city, mo 64110",East Side,Unfurnished,"Twin elms apartments, 4109 paseo blvd, kansas city, mo 64110$725+/mo1 bd1 ba683 sqft - apartment for rentshow more",683,kansas city,MO
725,1,Apartment,"926 central ave #2, kansas city, ks 66101",Riverview,Unfurnished,"926 central ave #2, kansas city, ks 66101$725/mo1 bd1 ba750 sqft - apartment for rentshow more",750,kansas city,KS
750,1,Apartment,"220 w excelsior st apt 2, excelsior springs, mo 64024",Excelsior Springs,Unfurnished,"220 w excelsior st apt 2, excelsior springs, mo 64024$750/mo1 bd1 ba700 sqft - apartment for rentshow more",700,excelsior springs,MO
750,1,Apartment,"3536 baltimore ave #14, kansas city, mo 64111",Old Hyde Park,Unfurnished,"3536 baltimore ave #14, kansas city, mo 64111$750/mo1 bd1 ba650 sqft - apartment for rentshow more",650,kansas city,MO
750,2,Apartment,"600 s cedar ave apt b, independence, mo 64053",Independence,Unfurnished,"600 s cedar ave apt b, independence, mo 64053$750/mo2 bds1 ba1,010 sqft - apartment for rentshow more",1010,independence,MO
750,1,Apartment,"2751 campbell st #5, kansas city, mo 64109",Downtown Kansas City,Unfurnished,"2751 campbell st #5, kansas city, mo 64109$750/mo1 bd1 ba425 sqft - apartment for rentshow more",425,kansas city,MO
700,1,Apartment,"1388 e desert inn rd apt 2, las vegas, nv 89169",Las Vegas,Unfurnished,"1388 e desert inn rd apt 2, las vegas, nv 89169$700/mo1 bd1 ba3,432 sqft - apartment for rentshow more",3432,las vegas,NV
795,1,Apartment,"2636 lynnwood st apt 6, las vegas, nv 89109",Las Vegas,Unfurnished,"2636 lynnwood st apt 6, las vegas, nv 89109$795/mo1 bd1 ba6,016 sqft - apartment for rentshow more",6016,las vegas,NV
750,1,Apartment,"409 w van buren ave #5, las vegas, nv 89106",Downtown Las Vegas,Unfurnished,"409 w van buren ave #5, las vegas, nv 89106$750/mo1 bd1 ba6,402 sqft - apartment for rentshow more",6402,las vegas,NV
795,1,Apartment,"1871 shadow mountain pl #4, las vegas, nv 89108",Twin Lakes,Unfurnished,"1871 shadow mountain pl #4, las vegas, nv 89108$795/mo1 bd1 ba3,598 sqft - condo for rentshow more",3598,las vegas,NV
800,1,Apartment,"Lv t 615, 615 harrison ave #1, las vegas, nv 89106",Downtown Las Vegas,Unfurnished,"Lv t 615, 615 harrison ave #1, las vegas, nv 89106$800/mo1 bd1 ba750 sqft - apartment for rentshow more",750,las vegas,NV
800,1,Apartment,"Bpi 4720 cessna ave, 4720 cessna ave apt 4, las vegas, nv 89115",Las Vegas,Unfurnished,"Bpi 4720 cessna ave, 4720 cessna ave apt 4, las vegas, nv 89115$800/mo1 bd1 ba800 sqft - apartment for rentshow more",800,las vegas,NV
820,1,Apartment,"3017 e carey ave apt 5, north las vegas, nv 89030",North Las Vegas,Unfurnished,"3017 e carey ave apt 5, north las vegas, nv 89030$820/mo1 bd1 ba450 sqft - apartment for rentshow more",450,north las vegas,NV
845,1,Apartment,"218 s. 11th street, 218 s 11th st apt 7, las vegas, nv 89101",Downtown Las Vegas,Unfurnished,"218 s. 11th street, 218 s 11th st apt 7, las vegas, nv 89101$845/mo1 bd1 ba500 sqft - apartment for rentshow more",500,las vegas,NV
850,1,Apartment,"3720 royal crest st apt 27, las vegas, nv 89119",Las Vegas,Unfurnished,"3720 royal crest st apt 27, las vegas, nv 89119$850/mo1 bd1 ba960 sqft - apartment for rentshow more",960,las vegas,NV
850,1,Apartment,"7413 w russell rd apt 107, las vegas, nv 89113",Sovana,Unfurnished,"7413 w russell rd apt 107, las vegas, nv 89113$850/mo1 bd1 ba784 sqft - condo for rentshow more",784,las vegas,NV
850,1,Apartment,"4800 e charleston blvd apt 8, las vegas, nv 89104",Stewart Place,Unfurnished,"4800 e charleston blvd apt 8, las vegas, nv 89104$850/mo1 bd1 ba552 sqft - apartment for rentshow more",552,las vegas,NV
875,1,Apartment,"1381 e university ave apt 306, las vegas, nv 89119",Las Vegas,Unfurnished,"1381 e university ave apt 306, las vegas, nv 89119$875/mo1 bd1 ba500 sqft - condo for rentshow more",500,las vegas,NV
875,1,Apartment,"840 king richard ave apt 56, las vegas, nv 89119",Las Vegas,Unfurnished,"840 king richard ave apt 56, las vegas, nv 89119$875/mo1 bd1 ba630 sqft - apartment for rentshow more",630,las vegas,NV
895,1,Apartment,"320 n 16th st #1, las vegas, nv 89101",East Las Vegas,Unfurnished,"320 n 16th st #1, las vegas, nv 89101$895/mo1 bd1 ba572 sqft - apartment for rentshow more",572,las vegas,NV
895,2,Apartment,"2100 venus ave #b, north las vegas, nv 89030",North Las Vegas,Unfurnished,"2100 venus ave #b, north las vegas, nv 89030$895/mo2 bds2 ba996 sqft - condo for rentshow more",996,north las vegas,NV
895,1,Apartment,"53 w pacific ave #1, henderson, nv 89015",Townsite,Unfurnished,"53 w pacific ave #1, henderson, nv 89015$895/mo1 bd1 ba835 sqft - apartment for rentshow more",835,henderson,NV
895,1,Apartment,"1111 s. casino center blvd, 1111 s casino center blvd apt 1, las vegas, nv 89104",Arts District,Unfurnished,"1111 s. casino center blvd, 1111 s casino center blvd apt 1, las vegas, nv 89104$895/mo1 bd1 ba567 sqft - apartment for rentshow more",567,las vegas,NV
895,1,Apartment,"308 w cincinnati ave, las vegas, nv 89102",Gateway District,Unfurnished,"308 w cincinnati ave, las vegas, nv 89102$895/mo1 bd1 ba660 sqft - apartment for rentshow more",660,las vegas,NV
895,1,Apartment,"309 w cincinnati ave apt 18, las vegas, nv 89102",Gateway District,Unfurnished,"309 w cincinnati ave apt 18, las vegas, nv 89102$895/mo1 bd1 ba600 sqft - apartment for rentshow more",600,las vegas,NV
899,1,Apartment,"217 w new york ave apt 2, las vegas, nv 89102",Gateway District,Unfurnished,"217 w new york ave apt 2, las vegas, nv 89102$899/mo1 bd1 ba650 sqft - apartment for rentshow more",650,las vegas,NV
800,1,Apartment,"1023 n broadway unit 4, lexington, ky 40505",Lexington,Unfurnished,"1023 n broadway unit 4, lexington, ky 40505$800/mo1 bd1 ba608 sqft - apartment for rentshow more",608,lexington,KY
750,2,Apartment,"340 codell dr, lexington, ky 40509",Lexington,Unfurnished,"340 codell dr, lexington, ky 40509$750/mo2 bds1 ba850 sqft - apartment for rentshow more",850,lexington,KY
725,1,Apartment,"1904 cambridge dr #z3-3, lexington, ky 40504",Lexington,Unfurnished,"1904 cambridge dr #z3-3, lexington, ky 40504$725/mo1 bd1 ba650 sqft - apartment for rentshow more",650,lexington,KY
750,1,Apartment,"1579 alexandria dr #1, lexington, ky 40504",Lexington,Unfurnished,"1579 alexandria dr #1, lexington, ky 40504$750/mo1 bd1 ba698 sqft - apartment for rentshow more",698,lexington,KY
725,1,Apartment,"415 n martin luther king blvd #5, lexington, ky 40508",Martin Luther King,Furnished,"415 n martin luther king blvd #5, lexington, ky 40508$725/mo1 bd1 ba500 sqft - apartment for rentshow more",500,lexington,KY
725,1,Apartment,"1966 cambridge dr #b, lexington, ky 40504",Lexington,Unfurnished,"1966 cambridge dr #b, lexington, ky 40504$725/mo1 bd1 ba500 sqft - apartment for rentshow more",500,lexington,KY
750,1,Apartment,"1592 alexandria dr apt 8a, lexington, ky 40504",Lexington,Unfurnished,"1592 alexandria dr apt 8a, lexington, ky 40504$750/mo1 bd1 ba650 sqft - apartment for rentshow more",650,lexington,KY
775,1,Apartment,"803 warfield pl, lexington, ky 40505",Lexington,Unfurnished,"803 warfield pl, lexington, ky 40505$775/mo1 bd1 ba630 sqft - apartment for rentshow more",630,lexington,KY
700,1,Apartment,"1484 etawah dr apt 1, lexington, ky 40505",Eastland Parkway,Unfurnished,"1484 etawah dr apt 1, lexington, ky 40505$700/mo1 bd1 ba715 sqft - apartment for rentshow more",715,lexington,KY
795,1,Apartment,"2169 cypress dr #a, lexington, ky 40504",Garden Springs,Unfurnished,"2169 cypress dr #a, lexington, ky 40504$795/mo1 bd1 ba700 sqft - apartment for rentshow more",700,lexington,KY
800,1,Apartment,"1005 n broadway unit 1, lexington, ky 40505",Lexington,Unfurnished,"1005 n broadway unit 1, lexington, ky 40505$800/mo1 bd1 ba608 sqft - apartment for rentshow more",608,lexington,KY
800,1,Apartment,"1023 n broadway unit 6, lexington, ky 40505",Lexington,Unfurnished,"1023 n broadway unit 6, lexington, ky 40505$800/mo1 bd1 ba608 sqft - apartment for rentshow more",608,lexington,KY
685,1,Apartment,"115 w loudon ave #j074-j74, lexington, ky 40508",Lexington,Unfurnished,"115 w loudon ave #j074-j74, lexington, ky 40508$685/mo1 bd1 ba408 sqft - apartment for rentshow more",408,lexington,KY
800,1,Apartment,"445 davidson ct #d, lexington, ky 40508",Northside District,Unfurnished,"445 davidson ct #d, lexington, ky 40508$800/mo1 bd1 ba536 sqft - apartment for rentshow more",536,lexington,KY
800,1,Apartment,"1854 augusta drive - 32, 1854 augusta dr, lexington, ky 40505",Eastland Parkway,Unfurnished,"1854 augusta drive - 32, 1854 augusta dr, lexington, ky 40505$800+/mo1 bd1 ba650 sqft - apartment for rentshow more",650,lexington,KY
800,1,Apartment,"1715 hill rise dr #1, lexington, ky 40504",Lexington,Unfurnished,"1715 hill rise dr #1, lexington, ky 40504$800/mo1 bd1 ba900 sqft - apartment for rentshow more",900,lexington,KY
800,1,Apartment,"921 n broadway apt 2, lexington, ky 40505",Lexington,Unfurnished,"921 n broadway apt 2, lexington, ky 40505$800/mo1 bd1 ba608 sqft - apartment for rentshow more",608,lexington,KY
800,1,Apartment,"1280 centre pkwy #b, lexington, ky 40517",Southeastern Hills,Unfurnished,"1280 centre pkwy #b, lexington, ky 40517$800/mo1 bd1 ba750 sqft - apartment for rentshow more",750,lexington,KY
850,1,Apartment,"2085 fontaine, 2085 fontaine rd apt 15, lexington, ky 40502",Lexington,Unfurnished,"2085 fontaine, 2085 fontaine rd apt 15, lexington, ky 40502$850/mo1 bd1 ba500 sqft - apartment for rentshow more",500,lexington,KY
850,2,Apartment,"2101 fontaine rd unit 8, lexington, ky 40502",Lexington,Unfurnished,"2101 fontaine rd unit 8, lexington, ky 40502$850/mo2 bds1 ba780 sqft - apartment for rentshow more",780,lexington,KY
600,5,Apartment,"1441 e 25th st #6, los angeles, ca 90011",South Los Angeles,Unfurnished,"1441 e 25th st #6, los angeles, ca 90011$600/mo5 bds3 ba1,000 sqft - apartment for rentshow more",1000,los angeles,CA
700,1,Apartment,"Orion 668 28th, 668 w 28th st, los angeles, ca 90007",South Los Angeles,Furnished,"Orion 668 28th, 668 w 28th st, los angeles, ca 90007$700+/mo1 bd1 ba200 sqft - apartment for rentshow more",200,los angeles,CA
1000,1,Apartment,"Ecco on 1254, 1254 w 36th st, los angeles, ca 90007",South Los Angeles,Furnished,"Ecco on 1254, 1254 w 36th st, los angeles, ca 90007$1,000+/mo1 bd1 ba250 sqft - apartment for rentshow more",250,los angeles,CA
1125,1,Apartment,"1151 w 30th st #c1, los angeles, ca 90007",South Los Angeles,Unfurnished,"1151 w 30th st #c1, los angeles, ca 90007$1,125/mo1 bd1 ba350 sqft - apartment for rentshow more",350,los angeles,CA
1150,1,Apartment,"1477 w 29th st #1477, los angeles, ca 90007",South Los Angeles,Unfurnished,"1477 w 29th st #1477, los angeles, ca 90007$1,150/mo1 bd1 ba1,980 sqft - apartment for rentshow more",1980,los angeles,CA
1200,1,Apartment,"1205 w 37th dr, los angeles, ca 90007",South Los Angeles,Furnished,"1205 w 37th dr, los angeles, ca 90007$1,200/mo1 bd1 ba1,200 sqft - apartment for rentshow more",1200,los angeles,CA
1225,1,Apartment,"1149 w 25th st, 1149 w 25th st, los angeles, ca 90007",South Los Angeles,Furnished,"1149 w 25th st, 1149 w 25th st, los angeles, ca 90007$1,225+/mo1 bd1 ba240 sqft - apartment for rentshow more",240,los angeles,CA
1250,1,Apartment,"218 w carson st #0, carson, ca 90745",Carson,Furnished,"218 w carson st #0, carson, ca 90745$1,250/mo1 bd1 ba250 sqft - apartment for rentshow more",250,carson,CA
1250,1,Apartment,"1317 w jefferson blvd #604-1, los angeles, ca 90007",South Los Angeles,Furnished,"1317 w jefferson blvd #604-1, los angeles, ca 90007$1,250/mo1 bd1 ba862 sqft - apartment for rentshow more",862,los angeles,CA
1299,1,Apartment,"5401 carlin st- housing near culver city, 5401 carlin st #privateroom2, los angeles, ca 90016",Los Angeles,Furnished,"5401 carlin st- housing near culver city, 5401 carlin st #privateroom2, los angeles, ca 90016$1,299/mo1 bd1 ba150 sqft - apartment for rentshow more",150,los angeles,CA
1295,5,Apartment,"1253 w 35th st, los angeles, ca 90007",South Los Angeles,Furnished,"1253 w 35th st, los angeles, ca 90007$1,295/mo5 bds5 ba2,250 sqft - apartment for rentshow more",2250,los angeles,CA
1299,4,Apartment,"The 1200, 1200 w 35th st, los angeles, ca 90007",South Los Angeles,Furnished,"The 1200, 1200 w 35th st, los angeles, ca 90007$1,299+/mo4 bds3 ba1,555 sqft - apartment for rentshow more",1555,los angeles,CA
1300,1,Apartment,"(undisclosed address), los angeles, ca 90001",Los Angeles,Unfurnished,"(undisclosed address), los angeles, ca 90001$1,300/mo1 bd1 ba825 sqft - condo for rentshow more",825,los angeles,CA
1350,1,Apartment,"6954 long beach blvd, long beach, ca 90805",North Long Beach,Unfurnished,"6954 long beach blvd, long beach, ca 90805$1,350/mo1 bd1 ba600 sqft - apartment for rentshow more",600,long beach,CA
1375,1,Apartment,"Lemon avenue triplex, 2029-2031.5 lemon ave, long beach, ca 90806",,Unfurnished,"Lemon avenue triplex, 2029-2031.5 lemon ave, long beach, ca 90806$1,375/mo1 bd1 ba390 sqft - apartment for rentshow more",390,long beach,CA
1386,1,Apartment,"836 n acacia st apt 203, inglewood, ca 90302",Inglewood,Unfurnished,"836 n acacia st apt 203, inglewood, ca 90302$1,386/mo1 bd1 ba590 sqft - apartment for rentshow more",590,inglewood,CA
1395,1,Apartment,"621 w 3rd st, long beach, ca 90802",West Gateway,Unfurnished,"621 w 3rd st, long beach, ca 90802$1,395/mo1 bd1 ba850 sqft - apartment for rentshow more",850,long beach,CA
1395,1,Apartment,"1725 e 10th st apt 5, long beach, ca 90813",Lincoln,Unfurnished,"1725 e 10th st apt 5, long beach, ca 90813$1,395/mo1 bd1 ba600 sqft - apartment for rentshow more",600,long beach,CA
1395,1,Apartment,"Magnolia lb, 817-825 n magnolia ave #817-1/2, long beach, ca 90813",Willmore,Unfurnished,"Magnolia lb, 817-825 n magnolia ave #817-1/2, long beach, ca 90813$1,395/mo1 bd1 ba450 sqft - apartment for rentshow more",450,long beach,CA
1395,1,Apartment,"812 1/2 w beach ave #b, inglewood, ca 90302",Inglewood,Furnished,"812 1/2 w beach ave #b, inglewood, ca 90302$1,395/mo1 bd1 ba300 sqft - apartment for rentshow more",300,inglewood,CA
600,5,Apartment,"1441 e 25th st #6, los angeles, ca 90011",South Los Angeles,Unfurnished,"1441 e 25th st #6, los angeles, ca 90011$600/mo5 bds3 ba1,000 sqft - apartment for rentshow more",1000,los angeles,CA
700,1,Apartment,"Orion 668 28th, 668 w 28th st, los angeles, ca 90007",South Los Angeles,Furnished,"Orion 668 28th, 668 w 28th st, los angeles, ca 90007$700+/mo1 bd1 ba200 sqft - apartment for rentshow more",200,los angeles,CA
1000,1,Apartment,"Ecco on 1254, 1254 w 36th st, los angeles, ca 90007",South Los Angeles,Furnished,"Ecco on 1254, 1254 w 36th st, los angeles, ca 90007$1,000+/mo1 bd1 ba250 sqft - apartment for rentshow more",250,los angeles,CA
1125,1,Apartment,"1151 w 30th st #c1, los angeles, ca 90007",South Los Angeles,Unfurnished,"1151 w 30th st #c1, los angeles, ca 90007$1,125/mo1 bd1 ba350 sqft - apartment for rentshow more",350,los angeles,CA
1150,1,Apartment,"1477 w 29th st #1477, los angeles, ca 90007",South Los Angeles,Unfurnished,"1477 w 29th st #1477, los angeles, ca 90007$1,150/mo1 bd1 ba1,980 sqft - apartment for rentshow more",1980,los angeles,CA
1200,1,Apartment,"1205 w 37th dr, los angeles, ca 90007",South Los Angeles,Furnished,"1205 w 37th dr, los angeles, ca 90007$1,200/mo1 bd1 ba1,200 sqft - apartment for rentshow more",1200,los angeles,CA
1225,1,Apartment,"1149 w 25th st, 1149 w 25th st, los angeles, ca 90007",South Los Angeles,Furnished,"1149 w 25th st, 1149 w 25th st, los angeles, ca 90007$1,225+/mo1 bd1 ba240 sqft - apartment for rentshow more",240,los angeles,CA
1250,1,Apartment,"218 w carson st #0, carson, ca 90745",Carson,Furnished,"218 w carson st #0, carson, ca 90745$1,250/mo1 bd1 ba250 sqft - apartment for rentshow more",250,carson,CA
1250,1,Apartment,"1317 w jefferson blvd #604-1, los angeles, ca 90007",South Los Angeles,Furnished,"1317 w jefferson blvd #604-1, los angeles, ca 90007$1,250/mo1 bd1 ba862 sqft - apartment for rentshow more",862,los angeles,CA
1299,1,Apartment,"5401 carlin st- housing near culver city, 5401 carlin st #privateroom2, los angeles, ca 90016",Los Angeles,Furnished,"5401 carlin st- housing near culver city, 5401 carlin st #privateroom2, los angeles, ca 90016$1,299/mo1 bd1 ba150 sqft - apartment for rentshow more",150,los angeles,CA
1295,5,Apartment,"1253 w 35th st, los angeles, ca 90007",South Los Angeles,Furnished,"1253 w 35th st, los angeles, ca 90007$1,295/mo5 bds5 ba2,250 sqft - apartment for rentshow more",2250,los angeles,CA
1299,4,Apartment,"The 1200, 1200 w 35th st, los angeles, ca 90007",South Los Angeles,Furnished,"The 1200, 1200 w 35th st, los angeles, ca 90007$1,299+/mo4 bds3 ba1,555 sqft - apartment for rentshow more",1555,los angeles,CA
1300,1,Apartment,"(undisclosed address), los angeles, ca 90001",Los Angeles,Unfurnished,"(undisclosed address), los angeles, ca 90001$1,300/mo1 bd1 ba825 sqft - condo for rentshow more",825,los angeles,CA
1350,1,Apartment,"6954 long beach blvd, long beach, ca 90805",North Long Beach,Unfurnished,"6954 long beach blvd, long beach, ca 90805$1,350/mo1 bd1 ba600 sqft - apartment for rentshow more",600,long beach,CA
1375,1,Apartment,"Lemon avenue triplex, 2029-2031.5 lemon ave, long beach, ca 90806",,Unfurnished,"Lemon avenue triplex, 2029-2031.5 lemon ave, long beach, ca 90806$1,375/mo1 bd1 ba390 sqft - apartment for rentshow more",390,long beach,CA
1386,1,Apartment,"836 n acacia st apt 203, inglewood, ca 90302",Inglewood,Unfurnished,"836 n acacia st apt 203, inglewood, ca 90302$1,386/mo1 bd1 ba590 sqft - apartment for rentshow more",590,inglewood,CA
1395,1,Apartment,"621 w 3rd st, long beach, ca 90802",West Gateway,Unfurnished,"621 w 3rd st, long beach, ca 90802$1,395/mo1 bd1 ba850 sqft - apartment for rentshow more",850,long beach,CA
1395,1,Apartment,"1725 e 10th st apt 5, long beach, ca 90813",Lincoln,Unfurnished,"1725 e 10th st apt 5, long beach, ca 90813$1,395/mo1 bd1 ba600 sqft - apartment for rentshow more",600,long beach,CA
1395,1,Apartment,"Magnolia lb, 817-825 n magnolia ave #817-1/2, long beach, ca 90813",Willmore,Unfurnished,"Magnolia lb, 817-825 n magnolia ave #817-1/2, long beach, ca 90813$1,395/mo1 bd1 ba450 sqft - apartment for rentshow more",450,long beach,CA
1395,1,Apartment,"812 1/2 w beach ave #b, inglewood, ca 90302",Inglewood,Furnished,"812 1/2 w beach ave #b, inglewood, ca 90302$1,395/mo1 bd1 ba300 sqft - apartment for rentshow more",300,inglewood,CA
850,1,Apartment,"(undisclosed address), miami gardens, fl 33056",Miami Gardens,Unfurnished,"(undisclosed address), miami gardens, fl 33056$850/mo1 bd1 ba1,000 sqft - apartment for rentshow more",1000,miami gardens,FL
1000,2,Apartment,"2649 van buren st apt 1, hollywood, fl 33020",Highland Gardens,Furnished,"2649 van buren st apt 1, hollywood, fl 33020$1,000/mo2 bds2 ba1,005 sqft - apartment for rentshow more",1005,hollywood,FL
1000,1,Apartment,"4715 sw 90th ave, miami, fl 33165",Miami,Unfurnished,"4715 sw 90th ave, miami, fl 33165$1,000/mo1 bd1 ba500 sqft - apartment for rentshow more",500,miami,FL
1000,1,Apartment,"455 ne 32nd st #10, miami, fl 33137",Edgewater,Furnished,"455 ne 32nd st #10, miami, fl 33137$1,000/mo1 bd1 ba180 sqft - apartment for rentshow more",180,miami,FL
1000,1,Apartment,"2431 nw 94th st, miami, fl 33147",Miami,Unfurnished,"2431 nw 94th st, miami, fl 33147$1,000/mo1 bd1 ba180 sqft - apartment for rentshow more",180,miami,FL
1000,1,Apartment,"7305 nw 17th ct #d, miami, fl 33147",Miami,Unfurnished,"7305 nw 17th ct #d, miami, fl 33147$1,000/mo1 bd1 ba300 sqft - apartment for rentshow more",300,miami,FL
1000,1,Apartment,"13725 nw 4th pl #1, miami, fl 33168",North Miami,Unfurnished,"13725 nw 4th pl #1, miami, fl 33168$1,000/mo1 bd1 ba600 sqft - apartment for rentshow more",600,miami,FL
1000,1,Apartment,"(undisclosed address), miami, fl 33175",Coral Way,Unfurnished,"(undisclosed address), miami, fl 33175$1,000/mo1 bd1 ba450 sqft - apartment for rentshow more",450,miami,FL
1075,1,Apartment,"1546 arthur st apt 1a, hollywood, fl 33020",Hollywood Lakes,Unfurnished,"1546 arthur st apt 1a, hollywood, fl 33020$1,075/mo1 bd1 ba3,352 sqft - apartment for rentshow more",3352,hollywood,FL
900,1,Apartment,"809 ne 214th ln apt 3, miami, fl 33179",Miami,Unfurnished,"809 ne 214th ln apt 3, miami, fl 33179$900/mo1 bd1.5 ba1,121 sqft - condo for rentshow more",1121,miami,FL
900,1,Apartment,"10810 sw 29th ter, miami, fl 33165",Miami,Unfurnished,"10810 sw 29th ter, miami, fl 33165$900/mo1 bd1 ba250 sqft - apartment for rentshow more",250,miami,FL
1110,1,Apartment,"515 nw 58th st #3, miami, fl 33127",Little Haiti,Unfurnished,"515 nw 58th st #3, miami, fl 33127$1,110/mo1 bd1 ba500 sqft - apartment for rentshow more",500,miami,FL
1150,1,Apartment,"15411 sw 177th ter #1, miami, fl 33187",Miami,Unfurnished,"15411 sw 177th ter #1, miami, fl 33187$1,150/mo1 bd1 ba1,636 sqft - apartment for rentshow more",1636,miami,FL
1195,1,Apartment,"6091 nw 15th ave apt 5, miami, fl 33142",Liberty City,Unfurnished,"6091 nw 15th ave apt 5, miami, fl 33142$1,195/mo1 bd1 ba600 sqft - apartment for rentshow more",600,miami,FL
1200,1,Apartment,"317 glenn pkwy #1, hollywood, fl 33021",441 Corridor,Unfurnished,"317 glenn pkwy #1, hollywood, fl 33021$1,200/mo1 bd1 ba400 sqft - apartment for rentshow more",400,hollywood,FL
1200,1,Apartment,"11201 sw 156th st #1, miami, fl 33157",Miami,Unfurnished,"11201 sw 156th st #1, miami, fl 33157$1,200/mo1 bd1 ba500 sqft - apartment for rentshow more",500,miami,FL
1200,1,Apartment,"4970 nw 182nd st #0, opa locka, fl 33055",Miami Gardens,Unfurnished,"4970 nw 182nd st #0, opa locka, fl 33055$1,200/mo1 bd1 ba1,422 sqft - apartment for rentshow more",1422,opa locka,FL
1200,1,Apartment,"1099 nw 102nd st #eff, miami, fl 33150",Miami,Unfurnished,"1099 nw 102nd st #eff, miami, fl 33150$1,200/mo1 bd1 ba1,000 sqft - apartment for rentshow more",1000,miami,FL
1200,1,Apartment,"2447 pierce st #1, hollywood, fl 33020",North Central,Unfurnished,"2447 pierce st #1, hollywood, fl 33020$1,200/mo1 bd1 ba900 sqft - apartment for rentshow more",900,hollywood,FL
1200,1,Apartment,"680 ne 160th ter #b, miami, fl 33162",Miami,Unfurnished,"680 ne 160th ter #b, miami, fl 33162$1,200/mo1 bd1 ba1,450 sqft - apartment for rentshow more",1450,miami,FL
725,1,Apartment,"3737 west national avenue - 4, 3739 w national ave, milwaukee, wi 53215",Silver City,Unfurnished,"3737 west national avenue - 4, 3739 w national ave, milwaukee, wi 53215$725+/mo1 bd1 ba400 sqft - apartment for rentshow more",400,milwaukee,WI
700,1,Apartment,"420 w keefe ave front 420, milwaukee, wi 53212",Williamsburg,Unfurnished,"420 w keefe ave front 420, milwaukee, wi 53212$700/mo1 bd1 ba600 sqft - apartment for rentshow more",600,milwaukee,WI
725,1,Apartment,"3330 w juneau ave #1, milwaukee, wi 53208",Cold Spring Park,Unfurnished,"3330 w juneau ave #1, milwaukee, wi 53208$725/mo1 bd1 ba750 sqft - apartment for rentshow more",750,milwaukee,WI
735,2,Apartment,"5126 w clarke st apt 4, milwaukee, wi 53210",Uptown,Unfurnished,"5126 w clarke st apt 4, milwaukee, wi 53210$735/mo2 bds1 ba900 sqft - apartment for rentshow more",900,milwaukee,WI
453,1,Apartment,"Muskego school apartments, s75w17476 janesville rd, muskego, wi 53150",Muskego,Unfurnished,"Muskego school apartments, s75w17476 janesville rd, muskego, wi 53150$453+/mo1 bd1 ba646 sqft - apartment for rentshow more",646,muskego,WI
745,2,Apartment,"604 9th st, racine, wi 53403",Racine,Unfurnished,"604 9th st, racine, wi 53403$745/mo2 bds1 ba850 sqft - apartment for rentshow more",850,racine,WI
745,1,Apartment,"4705-4721 w burleigh st n #47-3065, milwaukee, wi 53210",Saint Joseph,Unfurnished,"4705-4721 w burleigh st n #47-3065, milwaukee, wi 53210$745/mo1 bd1 ba748 sqft - apartment for rentshow more",748,milwaukee,WI
750,2,Apartment,"8115 w hampton ave apt 7, milwaukee, wi 53218",Columbus Park,Unfurnished,"8115 w hampton ave apt 7, milwaukee, wi 53218$750/mo2 bds1 ba800 sqft - apartment for rentshow more",800,milwaukee,WI
750,1,Apartment,"3319 s 99th ct #3333, milwaukee, wi 53227",West View,Unfurnished,"3319 s 99th ct #3333, milwaukee, wi 53227$750/mo1 bd1 ba450 sqft - apartment for rentshow more",450,milwaukee,WI
765,1,Apartment,"3297 n 10th st, milwaukee, wi 53206",Borchert Field,Unfurnished,"3297 n 10th st, milwaukee, wi 53206$765/mo1 bd1 ba650 sqft - apartment for rentshow more",650,milwaukee,WI
775,1,Apartment,"4234 w hampton ave #1, milwaukee, wi 53209",Old North Milwaukee,Unfurnished,"4234 w hampton ave #1, milwaukee, wi 53209$775/mo1 bd1 ba750 sqft - apartment for rentshow more",750,milwaukee,WI
795,1,Apartment,"920-924 romayne - 5 unit (ace property), 920-924 romayne ave #920, racine, wi 53402",Racine,Unfurnished,"920-924 romayne - 5 unit (ace property), 920-924 romayne ave #920, racine, wi 53402$795/mo1 bd1 ba408 sqft - apartment for rentshow more",408,racine,WI
795,2,Apartment,"5436 north 38th street, 5436 n 38th st #1, milwaukee, wi 53209",Old North Milwaukee,Furnished,"5436 north 38th street, 5436 n 38th st #1, milwaukee, wi 53209$795/mo2 bds1 ba1,000 sqft - apartment for rentshow more",1000,milwaukee,WI
795,1,Apartment,"5804 n teutonia ave apt 6, milwaukee, wi 53209",Thurston Woods,Unfurnished,"5804 n teutonia ave apt 6, milwaukee, wi 53209$795/mo1 bd1 ba600 sqft - apartment for rentshow more",600,milwaukee,WI
795,1,Apartment,"3301-3303 n 29th st. (4 units), 3301-3303 n 29th st #3301a, milwaukee, wi 53216",Franklin Heights,Unfurnished,"3301-3303 n 29th st. (4 units), 3301-3303 n 29th st #3301a, milwaukee, wi 53216$795/mo1 bd1 ba760 sqft - apartment for rentshow more",760,milwaukee,WI
795,2,Apartment,"3170 n 7th st. (3 unit), 3170 n 7th st #3170a, milwaukee, wi 53212",Harambee,Unfurnished,"3170 n 7th st. (3 unit), 3170 n 7th st #3170a, milwaukee, wi 53212$795/mo2 bds1 ba600 sqft - apartment for rentshow more",600,milwaukee,WI
795,2,Apartment,"608-610 w burleigh st. (duplex), 608-610 w burleigh st #608, milwaukee, wi 53212",Harambee,Unfurnished,"608-610 w burleigh st. (duplex), 608-610 w burleigh st #608, milwaukee, wi 53212$795/mo2 bds1 ba850 sqft - apartment for rentshow more",850,milwaukee,WI
795,1,Apartment,"3927 e layton ave #7, cudahy, wi 53110",Cudahy,Unfurnished,"3927 e layton ave #7, cudahy, wi 53110$795/mo1 bd1 ba675 sqft - apartment for rentshow more",675,cudahy,WI
795,2,Apartment,"2432 s 5th pl #1, milwaukee, wi 53207",Lincoln Village,Unfurnished,"2432 s 5th pl #1, milwaukee, wi 53207$795/mo2 bds1 ba750 sqft - apartment for rentshow more",750,milwaukee,WI
800,2,Apartment,"2168 n 41st st, milwaukee, wi 53208",Washington Park,Unfurnished,"2168 n 41st st, milwaukee, wi 53208$800/mo2 bds1 ba1,150 sqft - apartment for rentshow more",1150,milwaukee,WI
815,1,Apartment,"2012 garfield | origen living, 2012 garfield ave #16, minneapolis, mn 55405",Powderhorn,Unfurnished,"2012 garfield | origen living, 2012 garfield ave #16, minneapolis, mn 55405$815/mo1 bd1 ba430 sqft - apartment for rentshow more",430,minneapolis,MN
780,1,Apartment,"Barrington senior apartments, 103 14th st ne, buffalo, mn 55313",Buffalo,Unfurnished,"Barrington senior apartments, 103 14th st ne, buffalo, mn 55313$780+/mo1 bd1 ba680 sqft - apartment for rentshow more",680,buffalo,MN
825,2,Apartment,"218 n jefferson st, saint croix falls, wi 54024",Saint Croix Falls,Unfurnished,"218 n jefferson st, saint croix falls, wi 54024$825/mo2 bds1 ba800 sqft - apartment for rentshow more",800,saint croix falls,WI
795,1,Apartment,"1223 rice st #2, saint paul, mn 55117",North of Maryland,Unfurnished,"1223 rice st #2, saint paul, mn 55117$795/mo1 bd1 ba507 sqft - apartment for rentshow more",507,saint paul,MN
750,1,Apartment,"1633 taylor ave #2, saint paul, mn 55104",Hamline - Midway,Unfurnished,"1633 taylor ave #2, saint paul, mn 55104$750/mo1 bd1 ba700 sqft - apartment for rentshow more",700,saint paul,MN
825,1,Apartment,"1900 1st ave s apt 14, minneapolis, mn 55403",Central Minneapolis,Unfurnished,"1900 1st ave s apt 14, minneapolis, mn 55403$825/mo1 bd1 ba500 sqft - apartment for rentshow more",500,minneapolis,MN
825,1,Apartment,"2008 4th st s, 2008 4th st s apt 1h, south saint paul, mn 55075",South Saint Paul,Unfurnished,"2008 4th st s, 2008 4th st s apt 1h, south saint paul, mn 55075$825/mo1 bd1 ba480 sqft - apartment for rentshow more",480,south saint paul,MN
830,1,Apartment,"1125 agate st #3, saint paul, mn 55117",North End,Unfurnished,"1125 agate st #3, saint paul, mn 55117$830/mo1 bd1 ba720 sqft - apartment for rentshow more",720,saint paul,MN
845,1,Apartment,"239 park st w, 239 park st w apt 4, south saint paul, mn 55075",South Saint Paul,Unfurnished,"239 park st w, 239 park st w apt 4, south saint paul, mn 55075$845/mo1 bd1 ba600 sqft - apartment for rentshow more",600,south saint paul,MN
850,1,Apartment,"321 bates ave, 321 bates ave apt 1, saint paul, mn 55106",Dayton's Bluff,Unfurnished,"321 bates ave, 321 bates ave apt 1, saint paul, mn 55106$850/mo1 bd1 ba560 sqft - apartment for rentshow more",560,saint paul,MN
850,1,Apartment,"3040 pleasant ave, 3040 pleasant ave s #102, minneapolis, mn 55408",Powderhorn,Unfurnished,"3040 pleasant ave, 3040 pleasant ave s #102, minneapolis, mn 55408$850/mo1 bd1 ba700 sqft - apartment for rentshow more",700,minneapolis,MN
850,1,Apartment,"1552 edmund ave, 1552 edmund ave apt 2, saint paul, mn 55104",Hamline - Midway,Unfurnished,"1552 edmund ave, 1552 edmund ave apt 2, saint paul, mn 55104$850/mo1 bd1 ba600 sqft - apartment for rentshow more",600,saint paul,MN
850,1,Apartment,"Broadway 2407, 2407 w broadway ave apt 7, minneapolis, mn 55411",Willard-Hay,Unfurnished,"Broadway 2407, 2407 w broadway ave apt 7, minneapolis, mn 55411$850/mo1 bd1 ba600 sqft - apartment for rentshow more",600,minneapolis,MN
850,1,Apartment,"1096 w 8th st, new richmond, wi 54017",New Richmond,Unfurnished,"1096 w 8th st, new richmond, wi 54017$850/mo1 bd1 ba450 sqft - apartment for rentshow more",450,new richmond,WI
850,1,Apartment,"Parklawn, 1267 cook ave e #1286-002, saint paul, mn 55106",Payne - Phalen,Unfurnished,"Parklawn, 1267 cook ave e #1286-002, saint paul, mn 55106$850/mo1 bd1 ba650 sqft - apartment for rentshow more",650,saint paul,MN
850,1,Apartment,"Golden valley apartments, 2603 golden valley rd #3, minneapolis, mn 55411",Willard-Hay,Unfurnished,"Golden valley apartments, 2603 golden valley rd #3, minneapolis, mn 55411$850/mo1 bd1 ba750 sqft - apartment for rentshow more",750,minneapolis,MN
850,1,Apartment,"105 e elm st #5, river falls, wi 54022",River Falls,Unfurnished,"105 e elm st #5, river falls, wi 54022$850/mo1 bd1 ba650 sqft - apartment for rentshow more",650,river falls,WI
875,1,Apartment,"1938 lincoln ave #b, saint paul, mn 55105",Macalester - Groveland,Unfurnished,"1938 lincoln ave #b, saint paul, mn 55105$875/mo1 bd1 ba500 sqft - apartment for rentshow more",500,saint paul,MN
875,1,Apartment,"876 payne ave apt 34, saint paul, mn 55106",Payne - Phalen,Unfurnished,"876 payne ave apt 34, saint paul, mn 55106$875/mo1 bd1 ba650 sqft - apartment for rentshow more",650,saint paul,MN
875,1,Apartment,"2212 bryant ave s, 2212 bryant ave s apt 201, minneapolis, mn 55405",Lowry Hill East,Unfurnished,"2212 bryant ave s, 2212 bryant ave s apt 201, minneapolis, mn 55405$875/mo1 bd1 ba441 sqft - apartment for rentshow more",441,minneapolis,MN
815,1,Apartment,"2012 garfield | origen living, 2012 garfield ave #16, minneapolis, mn 55405",Powderhorn,Unfurnished,"2012 garfield | origen living, 2012 garfield ave #16, minneapolis, mn 55405$815/mo1 bd1 ba430 sqft - apartment for rentshow more",430,minneapolis,MN
780,1,Apartment,"Barrington senior apartments, 103 14th st ne, buffalo, mn 55313",Buffalo,Unfurnished,"Barrington senior apartments, 103 14th st ne, buffalo, mn 55313$780+/mo1 bd1 ba680 sqft - apartment for rentshow more",680,buffalo,MN
825,2,Apartment,"218 n jefferson st, saint croix falls, wi 54024",Saint Croix Falls,Unfurnished,"218 n jefferson st, saint croix falls, wi 54024$825/mo2 bds1 ba800 sqft - apartment for rentshow more",800,saint croix falls,WI
795,1,Apartment,"1223 rice st #2, saint paul, mn 55117",North of Maryland,Unfurnished,"1223 rice st #2, saint paul, mn 55117$795/mo1 bd1 ba507 sqft - apartment for rentshow more",507,saint paul,MN
750,1,Apartment,"1633 taylor ave #2, saint paul, mn 55104",Hamline - Midway,Unfurnished,"1633 taylor ave #2, saint paul, mn 55104$750/mo1 bd1 ba700 sqft - apartment for rentshow more",700,saint paul,MN
825,1,Apartment,"1900 1st ave s apt 14, minneapolis, mn 55403",Central Minneapolis,Unfurnished,"1900 1st ave s apt 14, minneapolis, mn 55403$825/mo1 bd1 ba500 sqft - apartment for rentshow more",500,minneapolis,MN
825,1,Apartment,"2008 4th st s, 2008 4th st s apt 1h, south saint paul, mn 55075",South Saint Paul,Unfurnished,"2008 4th st s, 2008 4th st s apt 1h, south saint paul, mn 55075$825/mo1 bd1 ba480 sqft - apartment for rentshow more",480,south saint paul,MN
830,1,Apartment,"1125 agate st #3, saint paul, mn 55117",North End,Unfurnished,"1125 agate st #3, saint paul, mn 55117$830/mo1 bd1 ba720 sqft - apartment for rentshow more",720,saint paul,MN
845,1,Apartment,"239 park st w, 239 park st w apt 4, south saint paul, mn 55075",South Saint Paul,Unfurnished,"239 park st w, 239 park st w apt 4, south saint paul, mn 55075$845/mo1 bd1 ba600 sqft - apartment for rentshow more",600,south saint paul,MN
850,1,Apartment,"321 bates ave, 321 bates ave apt 1, saint paul, mn 55106",Dayton's Bluff,Unfurnished,"321 bates ave, 321 bates ave apt 1, saint paul, mn 55106$850/mo1 bd1 ba560 sqft - apartment for rentshow more",560,saint paul,MN
850,1,Apartment,"3040 pleasant ave, 3040 pleasant ave s #102, minneapolis, mn 55408",Powderhorn,Unfurnished,"3040 pleasant ave, 3040 pleasant ave s #102, minneapolis, mn 55408$850/mo1 bd1 ba700 sqft - apartment for rentshow more",700,minneapolis,MN
850,1,Apartment,"1552 edmund ave, 1552 edmund ave apt 2, saint paul, mn 55104",Hamline - Midway,Unfurnished,"1552 edmund ave, 1552 edmund ave apt 2, saint paul, mn 55104$850/mo1 bd1 ba600 sqft - apartment for rentshow more",600,saint paul,MN
850,1,Apartment,"Broadway 2407, 2407 w broadway ave apt 7, minneapolis, mn 55411",Willard-Hay,Unfurnished,"Broadway 2407, 2407 w broadway ave apt 7, minneapolis, mn 55411$850/mo1 bd1 ba600 sqft - apartment for rentshow more",600,minneapolis,MN
850,1,Apartment,"1096 w 8th st, new richmond, wi 54017",New Richmond,Unfurnished,"1096 w 8th st, new richmond, wi 54017$850/mo1 bd1 ba450 sqft - apartment for rentshow more",450,new richmond,WI
850,1,Apartment,"Parklawn, 1267 cook ave e #1286-002, saint paul, mn 55106",Payne - Phalen,Unfurnished,"Parklawn, 1267 cook ave e #1286-002, saint paul, mn 55106$850/mo1 bd1 ba650 sqft - apartment for rentshow more",650,saint paul,MN
850,1,Apartment,"Golden valley apartments, 2603 golden valley rd #3, minneapolis, mn 55411",Willard-Hay,Unfurnished,"Golden valley apartments, 2603 golden valley rd #3, minneapolis, mn 55411$850/mo1 bd1 ba750 sqft - apartment for rentshow more",750,minneapolis,MN
850,1,Apartment,"105 e elm st #5, river falls, wi 54022",River Falls,Unfurnished,"105 e elm st #5, river falls, wi 54022$850/mo1 bd1 ba650 sqft - apartment for rentshow more",650,river falls,WI
875,1,Apartment,"1938 lincoln ave #b, saint paul, mn 55105",Macalester - Groveland,Unfurnished,"1938 lincoln ave #b, saint paul, mn 55105$875/mo1 bd1 ba500 sqft - apartment for rentshow more",500,saint paul,MN
875,1,Apartment,"876 payne ave apt 34, saint paul, mn 55106",Payne - Phalen,Unfurnished,"876 payne ave apt 34, saint paul, mn 55106$875/mo1 bd1 ba650 sqft - apartment for rentshow more",650,saint paul,MN
875,1,Apartment,"2212 bryant ave s, 2212 bryant ave s apt 201, minneapolis, mn 55405",Lowry Hill East,Unfurnished,"2212 bryant ave s, 2212 bryant ave s apt 201, minneapolis, mn 55405$875/mo1 bd1 ba441 sqft - apartment for rentshow more",441,minneapolis,MN
1000,2,Apartment,"5 meadow rd #1a, wayne, nj 07470",Wayne,Furnished,"5 meadow rd #1a, wayne, nj 07470$1,000/mo2 bds1 ba950 sqft - apartment for rentshow more",950,wayne,NJ
1325,1,Apartment,"833 s 19th st #3, newark, nj 07108",Upper Clinton Hill,Furnished,"833 s 19th st #3, newark, nj 07108$1,325/mo1 bd1 ba1,500 sqft - apartment for rentshow more",1500,newark,NJ
1370,1,Apartment,"Parkway drive west, 73 parkway dr, east orange, nj 07017",East Orange,Unfurnished,"Parkway drive west, 73 parkway dr, east orange, nj 07017$1,370+/mo1 bd1 ba650 sqft - apartment for rentshow more",650,east orange,NJ
1250,1,Apartment,"295 woodside ave #3, newark, nj 07104",Forest Hill,Unfurnished,"295 woodside ave #3, newark, nj 07104$1,250/mo1 bd1 ba700 sqft - apartment for rentshow more",700,newark,NJ
1249,1,Apartment,"261 s 6th st #6c, newark, nj 07103",West Side,Unfurnished,"261 s 6th st #6c, newark, nj 07103$1,249/mo1 bd1 ba600 sqft - apartment for rentshow more",600,newark,NJ
1300,1,Apartment,"Lynn york apartments, 68 myrtle ave, irvington, nj 07111",Irvington,Unfurnished,"Lynn york apartments, 68 myrtle ave, irvington, nj 07111$1,300+/mo1 bd1 ba600 sqft - apartment for rentshow more",600,irvington,NJ
1375,1,Apartment,"252 n 5th ave floor 2, manville, nj 08835",Manville,Unfurnished,"252 n 5th ave floor 2, manville, nj 08835$1,375/mo1 bd1 ba9,999 sqft - apartment for rentshow more",9999,manville,NJ
1385,1,Apartment,"56 union ave #501, irvington, nj 07111",Irvington,Unfurnished,"56 union ave #501, irvington, nj 07111$1,385/mo1 bd1 ba800 sqft - apartment for rentshow more",800,irvington,NJ
1395,1,Apartment,"68 butler st, paterson, nj 07524",Paterson,Unfurnished,"68 butler st, paterson, nj 07524$1,395/mo1 bd1 ba400 sqft - apartment for rentshow more",400,paterson,NJ
1399,1,Apartment,"131 s 12th st #3, newark, nj 07107",Fairmount,Unfurnished,"131 s 12th st #3, newark, nj 07107$1,399/mo1 bd1 ba750 sqft - apartment for rentshow more",750,newark,NJ
1400,1,Apartment,"53 union ave, irvington, nj 07111",Irvington,Unfurnished,"53 union ave, irvington, nj 07111$1,400/mo1 bd1 ba650 sqft - apartment for rentshow more",650,irvington,NJ
1449,1,Apartment,"202 brookdale ave #22c, newark, nj 07106",Lower Vailsburg,Unfurnished,"202 brookdale ave #22c, newark, nj 07106$1,449/mo1 bd1 ba600 sqft - apartment for rentshow more",600,newark,NJ
1450,1,Apartment,"Chancellor arms two, 222 chancellor ave #107, newark, nj 07112",Weequahic,Unfurnished,"Chancellor arms two, 222 chancellor ave #107, newark, nj 07112$1,450/mo1 bd1 ba715 sqft - apartment for rentshow more",715,newark,NJ
1450,2,Apartment,"217 college blvd floor 1, paterson, nj 07505",Paterson,Unfurnished,"217 college blvd floor 1, paterson, nj 07505$1,450/mo2 bds1 ba850 sqft - apartment for rentshow more",850,paterson,NJ
1450,1,Apartment,"336 clinton pl apt 305, newark, nj 07112",Weequahic,Unfurnished,"336 clinton pl apt 305, newark, nj 07112$1,450/mo1 bd1 ba650 sqft - apartment for rentshow more",650,newark,NJ
1450,1,Apartment,"The pioneer, 15 summit st apt b1, east orange, nj 07017",East Orange,Unfurnished,"The pioneer, 15 summit st apt b1, east orange, nj 07017$1,450/mo1 bd1 ba750 sqft - apartment for rentshow more",750,east orange,NJ
1475,1,Apartment,"158 alexander st, newark, nj 07106",Lower Vailsburg,Unfurnished,"158 alexander st, newark, nj 07106$1,475/mo1 bd1 ba9,999 sqft - apartment for rentshow more",9999,newark,NJ
1475,1,Apartment,"449 mountainview ave, 449 mountainview ave apt b1, orange, nj 07050",City of Orange,Unfurnished,"449 mountainview ave, 449 mountainview ave apt b1, orange, nj 07050$1,475/mo1 bd1 ba670 sqft - apartment for rentshow more",670,orange,NJ
1475,1,Apartment,"764 s 17th st #5c, newark, nj 07103",West Side,Unfurnished,"764 s 17th st #5c, newark, nj 07103$1,475/mo1 bd1 ba600 sqft - apartment for rentshow more",600,newark,NJ
1475,1,Apartment,"157 halstead st #203, east orange, nj 07017",East Orange,Unfurnished,"157 halstead st #203, east orange, nj 07017$1,475/mo1 bd1 ba700 sqft - apartment for rentshow more",700,east orange,NJ
1000,2,Apartment,"5 meadow rd #1a, wayne, nj 07470",Wayne,Furnished,"5 meadow rd #1a, wayne, nj 07470$1,000/mo2 bds1 ba950 sqft - apartment for rentshow more",950,wayne,NJ
1325,1,Apartment,"833 s 19th st #3, newark, nj 07108",Upper Clinton Hill,Furnished,"833 s 19th st #3, newark, nj 07108$1,325/mo1 bd1 ba1,500 sqft - apartment for rentshow more",1500,newark,NJ
1370,1,Apartment,"Parkway drive west, 73 parkway dr, east orange, nj 07017",East Orange,Unfurnished,"Parkway drive west, 73 parkway dr, east orange, nj 07017$1,370+/mo1 bd1 ba650 sqft - apartment for rentshow more",650,east orange,NJ
1250,1,Apartment,"295 woodside ave #3, newark, nj 07104",Forest Hill,Unfurnished,"295 woodside ave #3, newark, nj 07104$1,250/mo1 bd1 ba700 sqft - apartment for rentshow more",700,newark,NJ
1249,1,Apartment,"261 s 6th st #6c, newark, nj 07103",West Side,Unfurnished,"261 s 6th st #6c, newark, nj 07103$1,249/mo1 bd1 ba600 sqft - apartment for rentshow more",600,newark,NJ
1300,1,Apartment,"Lynn york apartments, 68 myrtle ave, irvington, nj 07111",Irvington,Unfurnished,"Lynn york apartments, 68 myrtle ave, irvington, nj 07111$1,300+/mo1 bd1 ba600 sqft - apartment for rentshow more",600,irvington,NJ
1375,1,Apartment,"252 n 5th ave floor 2, manville, nj 08835",Manville,Unfurnished,"252 n 5th ave floor 2, manville, nj 08835$1,375/mo1 bd1 ba9,999 sqft - apartment for rentshow more",9999,manville,NJ
1385,1,Apartment,"56 union ave #501, irvington, nj 07111",Irvington,Unfurnished,"56 union ave #501, irvington, nj 07111$1,385/mo1 bd1 ba800 sqft - apartment for rentshow more",800,irvington,NJ
1395,1,Apartment,"68 butler st, paterson, nj 07524",Paterson,Unfurnished,"68 butler st, paterson, nj 07524$1,395/mo1 bd1 ba400 sqft - apartment for rentshow more",400,paterson,NJ
1399,1,Apartment,"131 s 12th st #3, newark, nj 07107",Fairmount,Unfurnished,"131 s 12th st #3, newark, nj 07107$1,399/mo1 bd1 ba750 sqft - apartment for rentshow more",750,newark,NJ
1400,1,Apartment,"53 union ave, irvington, nj 07111",Irvington,Unfurnished,"53 union ave, irvington, nj 07111$1,400/mo1 bd1 ba650 sqft - apartment for rentshow more",650,irvington,NJ
1449,1,Apartment,"202 brookdale ave #22c, newark, nj 07106",Lower Vailsburg,Unfurnished,"202 brookdale ave #22c, newark, nj 07106$1,449/mo1 bd1 ba600 sqft - apartment for rentshow more",600,newark,NJ
1450,1,Apartment,"Chancellor arms two, 222 chancellor ave #107, newark, nj 07112",Weequahic,Unfurnished,"Chancellor arms two, 222 chancellor ave #107, newark, nj 07112$1,450/mo1 bd1 ba715 sqft - apartment for rentshow more",715,newark,NJ
1450,2,Apartment,"217 college blvd floor 1, paterson, nj 07505",Paterson,Unfurnished,"217 college blvd floor 1, paterson, nj 07505$1,450/mo2 bds1 ba850 sqft - apartment for rentshow more",850,paterson,NJ
1450,1,Apartment,"336 clinton pl apt 305, newark, nj 07112",Weequahic,Unfurnished,"336 clinton pl apt 305, newark, nj 07112$1,450/mo1 bd1 ba650 sqft - apartment for rentshow more",650,newark,NJ
1450,1,Apartment,"The pioneer, 15 summit st apt b1, east orange, nj 07017",East Orange,Unfurnished,"The pioneer, 15 summit st apt b1, east orange, nj 07017$1,450/mo1 bd1 ba750 sqft - apartment for rentshow more",750,east orange,NJ
1475,1,Apartment,"158 alexander st, newark, nj 07106",Lower Vailsburg,Unfurnished,"158 alexander st, newark, nj 07106$1,475/mo1 bd1 ba9,999 sqft - apartment for rentshow more",9999,newark,NJ
1475,1,Apartment,"449 mountainview ave, 449 mountainview ave apt b1, orange, nj 07050",City of Orange,Unfurnished,"449 mountainview ave, 449 mountainview ave apt b1, orange, nj 07050$1,475/mo1 bd1 ba670 sqft - apartment for rentshow more",670,orange,NJ
1475,1,Apartment,"764 s 17th st #5c, newark, nj 07103",West Side,Unfurnished,"764 s 17th st #5c, newark, nj 07103$1,475/mo1 bd1 ba600 sqft - apartment for rentshow more",600,newark,NJ
1475,1,Apartment,"157 halstead st #203, east orange, nj 07017",East Orange,Unfurnished,"157 halstead st #203, east orange, nj 07017$1,475/mo1 bd1 ba700 sqft - apartment for rentshow more",700,east orange,NJ
800,1,Apartment,"2609 westwood dr #b, nashville, tn 37204",Nashville,Unfurnished,"2609 westwood dr #b, nashville, tn 37204$800/mo1 bd1 ba700 sqft - apartment for rentshow more",700,nashville,TN
895,1,Apartment,"317 elberta st unit b, nashville, tn 37210",Woodbine,Unfurnished,"317 elberta st unit b, nashville, tn 37210$895/mo1 bd1 ba911 sqft - apartment for rentshow more",911,nashville,TN
845,1,Apartment,"1341 lewis st, 1341 lewis st unit 7, nashville, tn 37210",Chestnut Hill,Unfurnished,"1341 lewis st, 1341 lewis st unit 7, nashville, tn 37210$845/mo1 bd1 ba452 sqft - apartment for rentshow more",452,nashville,TN
895,1,Apartment,"172 park cir #2, old hickory, tn 37138",Old Hickory,Unfurnished,"172 park cir #2, old hickory, tn 37138$895/mo1 bd1 ba456 sqft - apartment for rentshow more",456,old hickory,TN
925,1,Apartment,"Railyard flats, 1826 lebanon pike #8, nashville, tn 37210",Nashville,Unfurnished,"Railyard flats, 1826 lebanon pike #8, nashville, tn 37210$925/mo1 bd1 ba900 sqft - apartment for rentshow more",900,nashville,TN
850,1,Apartment,"1042 40th ave n unit b, nashville, tn 37209",Nashville,Unfurnished,"1042 40th ave n unit b, nashville, tn 37209$850/mo1 bd1 ba550 sqft - apartment for rentshow more",550,nashville,TN
925,1,Apartment,"301 35th ave n unit b, nashville, tn 37209",Sylvan Heights,Unfurnished,"301 35th ave n unit b, nashville, tn 37209$925/mo1 bd1 ba550 sqft - apartment for rentshow more",550,nashville,TN
795,1,Apartment,"Eli apartments, 2135 15th ave n, nashville, tn 37208",Jones/Buena Vista,Unfurnished,"Eli apartments, 2135 15th ave n, nashville, tn 37208$795+/mo1 bd1 ba500 sqft - apartment for rentshow more",500,nashville,TN
949,1,Apartment,"Glastonbury woods, 644 glastonbury rd, nashville, tn 37217",Nashville,Unfurnished,"Glastonbury woods, 644 glastonbury rd, nashville, tn 37217$949+/mo1 bd1 ba640 sqft - apartment for rentshow more",640,nashville,TN
950,1,Apartment,"206 emmitt ave #2, madison, tn 37115",Madison,Unfurnished,"206 emmitt ave #2, madison, tn 37115$950/mo1 bd1 ba850 sqft - apartment for rentshow more",850,madison,TN
950,1,Apartment,"Pike place apartments, 1274 murfreesboro pike #422, nashville, tn 37217",Nashville,Unfurnished,"Pike place apartments, 1274 murfreesboro pike #422, nashville, tn 37217$950/mo1 bd1 ba700 sqft - apartment for rentshow more",700,nashville,TN
950,1,Apartment,"Madison gardens, 800 anderson ln, madison, tn 37115",Madison,Unfurnished,"Madison gardens, 800 anderson ln, madison, tn 37115$950+/mo1 bd1 ba500 sqft - apartment for rentshow more",500,madison,TN
950,1,Apartment,"East lake apartments, 256 stewarts ferry pike #21, nashville, tn 37214",Donelson,Furnished,"East lake apartments, 256 stewarts ferry pike #21, nashville, tn 37214$950/mo1 bd1 ba650 sqft - apartment for rentshow more",650,nashville,TN
950,1,Apartment,"Forty west, 5700 leslie ave #2, nashville, tn 37209",Urbandale Nations,Unfurnished,"Forty west, 5700 leslie ave #2, nashville, tn 37209$950/mo1 bd1 ba600 sqft - apartment for rentshow more",600,nashville,TN
995,2,Apartment,"63 robertson st #a, nashville, tn 37210",Napier Area,Unfurnished,"63 robertson st #a, nashville, tn 37210$995/mo2 bds1 ba700 sqft - apartment for rentshow more",700,nashville,TN
995,1,Apartment,"2411 scovel st #a, nashville, tn 37208",Nashville,Unfurnished,"2411 scovel st #a, nashville, tn 37208$995/mo1 bd1 ba640 sqft - apartment for rentshow more",640,nashville,TN
999,1,Apartment,"Merry oaks, 2525 merry oaks dr #12, nashville, tn 37214",Merry Oaks,Unfurnished,"Merry oaks, 2525 merry oaks dr #12, nashville, tn 37214$999/mo1 bd1 ba500 sqft - apartment for rentshow more",500,nashville,TN
1000,1,Apartment,"3820 hydes ferry rd #b, nashville, tn 37218",Bordeaux,Unfurnished,"3820 hydes ferry rd #b, nashville, tn 37218$1,000/mo1 bd1 ba900 sqft - apartment for rentshow more",900,nashville,TN
1000,1,Apartment,"276 white bridge pike apt 1, nashville, tn 37209",White Bridge,Unfurnished,"276 white bridge pike apt 1, nashville, tn 37209$1,000/mo1 bd1 ba567 sqft - apartment for rentshow more",567,nashville,TN
1000,1,Apartment,"415 humphreys street, 415 humphreys st apt 2, nashville, tn 37203",South Nashville,Furnished,"415 humphreys street, 415 humphreys st apt 2, nashville, tn 37203$1,000/mo1 bd1 ba400 sqft - apartment for rentshow more",400,nashville,TN
1200,1,Apartment,"West liberty st 166-168, 166-168 w liberty st #166-2, bridgeport, ct 06604",Downtown,Unfurnished,"West liberty st 166-168, 166-168 w liberty st #166-2, bridgeport, ct 06604$1,200/mo1 bd1 ba328 sqft - apartment for rentshow more",328,bridgeport,CT
1099,1,Apartment,"198 parker st #basement, newark, nj 07104",Seventh Avenue,Unfurnished,"198 parker st #basement, newark, nj 07104$1,099/mo1 bd1 ba650 sqft - apartment for rentshow more",650,newark,NJ
1200,1,Apartment,"40-42b2 jane st #b2, bridgeport, ct 06608",East Side,Unfurnished,"40-42b2 jane st #b2, bridgeport, ct 06608$1,200/mo1 bd1 ba1,000 sqft - apartment for rentshow more",1000,bridgeport,CT
1200,1,Apartment,"100 hawkins st, derby, ct 06418",Derby,Unfurnished,"100 hawkins st, derby, ct 06418$1,200/mo1 bd1 ba2,835 sqft - apartment for rentshow more",2835,derby,CT
1222,1,Apartment,"255 south harrison, 255-271 s harrison st #d5, east orange, nj 07018",East Orange,Unfurnished,"255 south harrison, 255-271 s harrison st #d5, east orange, nj 07018$1,222/mo1 bd1 ba533 sqft - apartment for rentshow more",533,east orange,NJ
1245,1,Apartment,"40 jane st #b, bridgeport, ct 06608",East Side,Unfurnished,"40 jane st #b, bridgeport, ct 06608$1,245/mo1 bd1 ba1,000 sqft - apartment for rentshow more",1000,bridgeport,CT
1250,1,Apartment,"169 spring st #171, west haven, ct 06516",West Haven,Unfurnished,"169 spring st #171, west haven, ct 06516$1,250/mo1 bd1 ba792 sqft - apartment for rentshow more",792,west haven,CT
895,1,Apartment,"127 newark pompton tpke #2, pequannock, nj 07440",Pompton Plains,Unfurnished,"127 newark pompton tpke #2, pequannock, nj 07440$895/mo1 bd1 ba475 sqft - apartment for rentshow more",475,pequannock,NJ
1250,1,Apartment,"476 howe ave apt 5, shelton, ct 06484",Shelton,Unfurnished,"476 howe ave apt 5, shelton, ct 06484$1,250/mo1 bd1 ba600 sqft - apartment for rentshow more",600,shelton,CT
1281,1,Apartment,"343 new york ave #1l, jersey city, nj 07307",The Heights,Unfurnished,"343 new york ave #1l, jersey city, nj 07307$1,281/mo1 bd1 ba750 sqft - apartment for rentshow more",750,jersey city,NJ
1295,1,Apartment,"105 summerfield ave #3, bridgeport, ct 06610",Boston Ave - Mill Hill,Unfurnished,"105 summerfield ave #3, bridgeport, ct 06610$1,295/mo1 bd1 ba360 sqft - apartment for rentshow more",360,bridgeport,CT
1300,1,Apartment,"160 redwood ave floor 3, paterson, nj 07522",Hillcrest,Unfurnished,"160 redwood ave floor 3, paterson, nj 07522$1,300/mo1 bd1 ba700 sqft - apartment for rentshow more",700,paterson,NJ
1300,1,Apartment,"299 shepard ave apt 5, englewood, nj 07631",Englewood,Unfurnished,"299 shepard ave apt 5, englewood, nj 07631$1,300/mo1 bd1 ba475 sqft - apartment for rentshow more",475,englewood,NJ
1300,1,Apartment,"16 willowdale ave apt 1, montclair, nj 07042",Montclair,Unfurnished,"16 willowdale ave apt 1, montclair, nj 07042$1,300/mo1 bd1 ba700 sqft - apartment for rentshow more",700,montclair,NJ
1300,1,Apartment,"158 alexander st, newark, nj 07106",Lower Vailsburg,Unfurnished,"158 alexander st, newark, nj 07106$1,300/mo1 bd1 ba9,999 sqft - apartment for rentshow more",9999,newark,NJ
1350,1,Apartment,"(undisclosed address), paterson, nj 07502",Totowa,Unfurnished,"(undisclosed address), paterson, nj 07502$1,350/mo1 bd1 ba600 sqft - apartment for rentshow more",600,paterson,NJ
1350,1,Apartment,"1044 campbell ave #4a, west haven, ct 06516",West Haven,Unfurnished,"1044 campbell ave #4a, west haven, ct 06516$1,350/mo1 bd1 ba800 sqft - condo for rentshow more",800,west haven,CT
1365,1,Apartment,"136 36th st apt basement, union city, nj 07087",Union City,Unfurnished,"136 36th st apt basement, union city, nj 07087$1,365/mo1 bd1 ba602 sqft - apartment for rentshow more",602,union city,NJ
1367,3,Apartment,"616 kossuth st apt 1a, bridgeport, ct 06608",East Side,Unfurnished,"616 kossuth st apt 1a, bridgeport, ct 06608$1,367/mo3 bds1 ba1,000 sqft - apartment for rentshow more",1000,bridgeport,CT
1370,1,Apartment,"Parkway drive west, 73 parkway dr, east orange, nj 07017",East Orange,Unfurnished,"Parkway drive west, 73 parkway dr, east orange, nj 07017$1,370+/mo1 bd1 ba650 sqft - apartment for rentshow more",650,east orange,NJ
1200,1,Apartment,"Old town orange student housing, 454 s glassell st #b4, orange, ca 92866",Orange,Unfurnished,"Old town orange student housing, 454 s glassell st #b4, orange, ca 92866$1,200/mo1 bd1 half ba381 sqft - apartment for rentshow more",381,orange,CA
1495,1,Apartment,"734 linden ave apt 10, long beach, ca 90813",Downtown,Unfurnished,"734 linden ave apt 10, long beach, ca 90813$1,495/mo1 bd1 ba613 sqft - apartment for rentshow more",613,long beach,CA
1450,1,Apartment,"Lb0227, 227 lime ave apt 7, long beach, ca 90802",East Village,Unfurnished,"Lb0227, 227 lime ave apt 7, long beach, ca 90802$1,450/mo1 bd1 ba425 sqft - apartment for rentshow more",425,long beach,CA
1295,1,Apartment,"515 e saint andrew pl #29, santa ana, ca 92707",Madison Park,Unfurnished,"515 e saint andrew pl #29, santa ana, ca 92707$1,295/mo1 bd1 ba225 sqft - apartment for rentshow more",225,santa ana,CA
1395,1,Apartment,"1725 e 10th st apt 5, long beach, ca 90813",Lincoln,Unfurnished,"1725 e 10th st apt 5, long beach, ca 90813$1,395/mo1 bd1 ba600 sqft - apartment for rentshow more",600,long beach,CA
1450,1,Apartment,"690 cerritos ave #a, long beach, ca 90802",North Alamitos Beach,Unfurnished,"690 cerritos ave #a, long beach, ca 90802$1,450/mo1 bd1 ba324 sqft - apartment for rentshow more",324,long beach,CA
1400,1,Apartment,"1760 redondo ave apt 10, long beach, ca 90804",Eastside,Unfurnished,"1760 redondo ave apt 10, long beach, ca 90804$1,400/mo1 bd1 ba650 sqft - apartment for rentshow more",650,long beach,CA
1375,1,Apartment,"Lemon avenue triplex, 2029-2031.5 lemon ave, long beach, ca 90806",,Unfurnished,"Lemon avenue triplex, 2029-2031.5 lemon ave, long beach, ca 90806$1,375/mo1 bd1 ba390 sqft - apartment for rentshow more",390,long beach,CA
1400,1,Apartment,"(undisclosed address), tustin, ca 92780",Tustin,Furnished,"(undisclosed address), tustin, ca 92780$1,400/mo1 bd1 ba200 sqft - apartment for rentshow more",200,tustin,CA
1400,1,Apartment,"805 chestnut ave, long beach, ca 90813",Willmore,Unfurnished,"805 chestnut ave, long beach, ca 90813$1,400/mo1 bd1 ba700 sqft - apartment for rentshow more",700,long beach,CA
1395,1,Apartment,"621 w 3rd st, long beach, ca 90802",West Gateway,Unfurnished,"621 w 3rd st, long beach, ca 90802$1,395/mo1 bd1 ba850 sqft - apartment for rentshow more",850,long beach,CA
1495,1,Apartment,"932 gardenia ave, long beach, ca 90813",Eastside,Unfurnished,"932 gardenia ave, long beach, ca 90813$1,495/mo1 bd1 ba550 sqft - apartment for rentshow more",550,long beach,CA
1495,1,Apartment,"1037 molino ave #a, long beach, ca 90804",Eastside,Unfurnished,"1037 molino ave #a, long beach, ca 90804$1,495/mo1 bd1 ba547 sqft - apartment for rentshow more",547,long beach,CA
1500,2,Apartment,"1250 s brookhurst st unit 2017, anaheim, ca 92804",Southwest Anaheim,Furnished,"1250 s brookhurst st unit 2017, anaheim, ca 92804$1,500/mo2 bds2 ba912 sqft - apartment for rentshow more",912,anaheim,CA
1525,1,Apartment,"Ca-1770 gaviota avenue - 11, 70 e 11th st, long beach, ca 90813",Whittier,Unfurnished,"Ca-1770 gaviota avenue - 11, 70 e 11th st, long beach, ca 90813$1,525+/mo1 bd1 ba400 sqft - apartment for rentshow more",400,long beach,CA
1525,1,Apartment,"1204 redondo ave apt a, long beach, ca 90804",Eastside,Unfurnished,"1204 redondo ave apt a, long beach, ca 90804$1,525/mo1 bd1 ba550 sqft - apartment for rentshow more",550,long beach,CA
1525,1,Apartment,"1832 locust ave, long beach, ca 90806",Long Beach,Unfurnished,"1832 locust ave, long beach, ca 90806$1,525/mo1 bd1 ba500 sqft - apartment for rentshow more",500,long beach,CA
1550,1,Apartment,"1335 n ohio ave #a, long beach, ca 90804",Eastside,Unfurnished,"1335 n ohio ave #a, long beach, ca 90804$1,550/mo1 bd1 ba280 sqft - apartment for rentshow more",280,long beach,CA
1575,1,Apartment,"Redondo, 1745 redondo ave apt 8, long beach, ca 90804",Eastside,Unfurnished,"Redondo, 1745 redondo ave apt 8, long beach, ca 90804$1,575/mo1 bd1 ba450 sqft - apartment for rentshow more",450,long beach,CA
1575,1,Apartment,"1456 1/2 rose ave, long beach, ca 90813",Poly High,Unfurnished,"1456 1/2 rose ave, long beach, ca 90813$1,575/mo1 bd1 ba800 sqft - apartment for rentshow more",800,long beach,CA
500,1,Apartment,"825 n 41st st, 825 n 41st st #6, philadelphia, pa 19104",West Philadelphia,Unfurnished,"825 n 41st st, 825 n 41st st #6, philadelphia, pa 19104$500/mo1 bd1 ba345 sqft - apartment for rentshow more",345,philadelphia,PA
500,3,Apartment,"601 n. 39th street, 601 n 39th st floor 2, philadelphia, pa 19104",Mantua,Unfurnished,"601 n. 39th street, 601 n 39th st floor 2, philadelphia, pa 19104$500/mo3 bds1 ba1,300 sqft - apartment for rentshow more",1300,philadelphia,PA
619,1,Apartment,"The duffy school 62+, 225 w 2nd st, florence, nj 08518",Florence,Unfurnished,"The duffy school 62+, 225 w 2nd st, florence, nj 08518$619+/mo1 bd1 ba733 sqft - apartment for rentshow more",733,florence,NJ
650,1,Apartment,"1830 n bouvier, 1830 n bouvier st, philadelphia, pa 19121",North Philadelphia,Unfurnished,"1830 n bouvier, 1830 n bouvier st, philadelphia, pa 19121$650/mo1 bd1 ba1,800 sqft - apartment for rentshow more",1800,philadelphia,PA
699,2,Apartment,"2634 n chadwick st apt 2, philadelphia, pa 19132",North Philadelphia,Unfurnished,"2634 n chadwick st apt 2, philadelphia, pa 19132$699/mo2 bds1 ba800 sqft - apartment for rentshow more",800,philadelphia,PA
701,1,Apartment,"Springside school apartments 55+, 1508 mount holly rd, burlington, nj 08016",Burlington,Unfurnished,"Springside school apartments 55+, 1508 mount holly rd, burlington, nj 08016$701+/mo1 bd1 ba570 sqft - apartment for rentshow more",570,burlington,NJ
725,1,Apartment,"Phillyrental llc - 1b, 327 n 40th st, philadelphia, pa 19104",University City,Furnished,"Phillyrental llc - 1b, 327 n 40th st, philadelphia, pa 19104$725+/mo1 bd1 ba1,500 sqft - apartment for rentshow more",1500,philadelphia,PA
750,1,Apartment,"2139 n uber st apt 3, philadelphia, pa 19121",North Philadelphia,Unfurnished,"2139 n uber st apt 3, philadelphia, pa 19121$750/mo1 bd1 ba500 sqft - apartment for rentshow more",500,philadelphia,PA
750,1,Apartment,"3802 lancaster ave #2, philadelphia, pa 19104",University City,Unfurnished,"3802 lancaster ave #2, philadelphia, pa 19104$750/mo1 bd1 ba600 sqft - apartment for rentshow more",600,philadelphia,PA
775,1,Apartment,"4141 girard ave., 4141 w girard ave apt 3, philadelphia, pa 19104",East Parkside,Unfurnished,"4141 girard ave., 4141 w girard ave apt 3, philadelphia, pa 19104$775/mo1 bd1 ba600 sqft - apartment for rentshow more",600,philadelphia,PA
792,1,Apartment,"Taunton run village - 55+, 401 taunton ave #a, west berlin, nj 08091",West Berlin,Unfurnished,"Taunton run village - 55+, 401 taunton ave #a, west berlin, nj 08091$792/mo1 bd1 ba660 sqft - apartment for rentshow more",660,west berlin,NJ
795,1,Apartment,"207 w laveer st #b, philadelphia, pa 19120",Oak Lane/ East Oak Lane,Unfurnished,"207 w laveer st #b, philadelphia, pa 19120$795/mo1 bd1 ba450 sqft - apartment for rentshow more",450,philadelphia,PA
800,1,Apartment,"338 n 63rd st apt 2b, philadelphia, pa 19139",Haddington,Unfurnished,"338 n 63rd st apt 2b, philadelphia, pa 19139$800/mo1 bd1 ba350 sqft - apartment for rentshow more",350,philadelphia,PA
800,1,Apartment,"2249 n 22nd st #2fr, philadelphia, pa 19132",North Philadelphia,Unfurnished,"2249 n 22nd st #2fr, philadelphia, pa 19132$800/mo1 bd1 ba500 sqft - apartment for rentshow more",500,philadelphia,PA
800,1,Apartment,"3562 n 11th st #1, philadelphia, pa 19140",North Philadelphia,Unfurnished,"3562 n 11th st #1, philadelphia, pa 19140$800/mo1 bd1 ba550 sqft - apartment for rentshow more",550,philadelphia,PA
800,1,Apartment,"5464 stewart st #a, philadelphia, pa 19131",Hestonville,Unfurnished,"5464 stewart st #a, philadelphia, pa 19131$800/mo1 bd1 ba450 sqft - apartment for rentshow more",450,philadelphia,PA
800,1,Apartment,"822 5th st, marcus hook, pa 19061",Marcus Hook,Unfurnished,"822 5th st, marcus hook, pa 19061$800/mo1 bd1 ba500 sqft - apartment for rentshow more",500,marcus hook,PA
800,1,Apartment,"5548 linmore ave #2, philadelphia, pa 19143",Kingsessing,Unfurnished,"5548 linmore ave #2, philadelphia, pa 19143$800/mo1 bd1 ba600 sqft - apartment for rentshow more",600,philadelphia,PA
800,1,Apartment,"3601 spring garden st, 3601 spring garden st #basement, philadelphia, pa 19104",Mantua,Unfurnished,"3601 spring garden st, 3601 spring garden st #basement, philadelphia, pa 19104$800/mo1 bd1 ba700 sqft - apartment for rentshow more",700,philadelphia,PA
800,2,Apartment,"1909 e ontario st, philadelphia, pa 19134",Harrowgate,Unfurnished,"1909 e ontario st, philadelphia, pa 19134$800/mo2 bds1 ba1,160 sqft - apartment for rentshow more",1160,philadelphia,PA
500,1,Apartment,"825 n 41st st, 825 n 41st st #6, philadelphia, pa 19104",West Philadelphia,Unfurnished,"825 n 41st st, 825 n 41st st #6, philadelphia, pa 19104$500/mo1 bd1 ba345 sqft - apartment for rentshow more",345,philadelphia,PA
500,3,Apartment,"601 n. 39th street, 601 n 39th st floor 2, philadelphia, pa 19104",Mantua,Unfurnished,"601 n. 39th street, 601 n 39th st floor 2, philadelphia, pa 19104$500/mo3 bds1 ba1,300 sqft - apartment for rentshow more",1300,philadelphia,PA
619,1,Apartment,"The duffy school 62+, 225 w 2nd st, florence, nj 08518",Florence,Unfurnished,"The duffy school 62+, 225 w 2nd st, florence, nj 08518$619+/mo1 bd1 ba733 sqft - apartment for rentshow more",733,florence,NJ
650,1,Apartment,"1830 n bouvier, 1830 n bouvier st, philadelphia, pa 19121",North Philadelphia,Unfurnished,"1830 n bouvier, 1830 n bouvier st, philadelphia, pa 19121$650/mo1 bd1 ba1,800 sqft - apartment for rentshow more",1800,philadelphia,PA
699,2,Apartment,"2634 n chadwick st apt 2, philadelphia, pa 19132",North Philadelphia,Unfurnished,"2634 n chadwick st apt 2, philadelphia, pa 19132$699/mo2 bds1 ba800 sqft - apartment for rentshow more",800,philadelphia,PA
701,1,Apartment,"Springside school apartments 55+, 1508 mount holly rd, burlington, nj 08016",Burlington,Unfurnished,"Springside school apartments 55+, 1508 mount holly rd, burlington, nj 08016$701+/mo1 bd1 ba570 sqft - apartment for rentshow more",570,burlington,NJ
725,1,Apartment,"Phillyrental llc - 1b, 327 n 40th st, philadelphia, pa 19104",University City,Furnished,"Phillyrental llc - 1b, 327 n 40th st, philadelphia, pa 19104$725+/mo1 bd1 ba1,500 sqft - apartment for rentshow more",1500,philadelphia,PA
750,1,Apartment,"2139 n uber st apt 3, philadelphia, pa 19121",North Philadelphia,Unfurnished,"2139 n uber st apt 3, philadelphia, pa 19121$750/mo1 bd1 ba500 sqft - apartment for rentshow more",500,philadelphia,PA
750,1,Apartment,"3802 lancaster ave #2, philadelphia, pa 19104",University City,Unfurnished,"3802 lancaster ave #2, philadelphia, pa 19104$750/mo1 bd1 ba600 sqft - apartment for rentshow more",600,philadelphia,PA
775,1,Apartment,"4141 girard ave., 4141 w girard ave apt 3, philadelphia, pa 19104",East Parkside,Unfurnished,"4141 girard ave., 4141 w girard ave apt 3, philadelphia, pa 19104$775/mo1 bd1 ba600 sqft - apartment for rentshow more",600,philadelphia,PA
792,1,Apartment,"Taunton run village - 55+, 401 taunton ave #a, west berlin, nj 08091",West Berlin,Unfurnished,"Taunton run village - 55+, 401 taunton ave #a, west berlin, nj 08091$792/mo1 bd1 ba660 sqft - apartment for rentshow more",660,west berlin,NJ
795,1,Apartment,"207 w laveer st #b, philadelphia, pa 19120",Oak Lane/ East Oak Lane,Unfurnished,"207 w laveer st #b, philadelphia, pa 19120$795/mo1 bd1 ba450 sqft - apartment for rentshow more",450,philadelphia,PA
800,1,Apartment,"338 n 63rd st apt 2b, philadelphia, pa 19139",Haddington,Unfurnished,"338 n 63rd st apt 2b, philadelphia, pa 19139$800/mo1 bd1 ba350 sqft - apartment for rentshow more",350,philadelphia,PA
800,1,Apartment,"2249 n 22nd st #2fr, philadelphia, pa 19132",North Philadelphia,Unfurnished,"2249 n 22nd st #2fr, philadelphia, pa 19132$800/mo1 bd1 ba500 sqft - apartment for rentshow more",500,philadelphia,PA
800,1,Apartment,"3562 n 11th st #1, philadelphia, pa 19140",North Philadelphia,Unfurnished,"3562 n 11th st #1, philadelphia, pa 19140$800/mo1 bd1 ba550 sqft - apartment for rentshow more",550,philadelphia,PA
800,1,Apartment,"5464 stewart st #a, philadelphia, pa 19131",Hestonville,Unfurnished,"5464 stewart st #a, philadelphia, pa 19131$800/mo1 bd1 ba450 sqft - apartment for rentshow more",450,philadelphia,PA
800,1,Apartment,"822 5th st, marcus hook, pa 19061",Marcus Hook,Unfurnished,"822 5th st, marcus hook, pa 19061$800/mo1 bd1 ba500 sqft - apartment for rentshow more",500,marcus hook,PA
800,1,Apartment,"5548 linmore ave #2, philadelphia, pa 19143",Kingsessing,Unfurnished,"5548 linmore ave #2, philadelphia, pa 19143$800/mo1 bd1 ba600 sqft - apartment for rentshow more",600,philadelphia,PA
800,1,Apartment,"3601 spring garden st, 3601 spring garden st #basement, philadelphia, pa 19104",Mantua,Unfurnished,"3601 spring garden st, 3601 spring garden st #basement, philadelphia, pa 19104$800/mo1 bd1 ba700 sqft - apartment for rentshow more",700,philadelphia,PA
800,2,Apartment,"1909 e ontario st, philadelphia, pa 19134",Harrowgate,Unfurnished,"1909 e ontario st, philadelphia, pa 19134$800/mo2 bds1 ba1,160 sqft - apartment for rentshow more",1160,philadelphia,PA
650,1,Apartment,"7122 n 48th ave apt 5a, glendale, az 85301",Glendale,Unfurnished,"7122 n 48th ave apt 5a, glendale, az 85301$650/mo1 bd1 ba556 sqft - apartment for rentshow more",556,glendale,AZ
750,1,Apartment,"3110 e atlanta ave, phoenix, az 85040",South Mountain Village,Unfurnished,"3110 e atlanta ave, phoenix, az 85040$750/mo1 bd1 ba500 sqft - apartment for rentshow more",500,phoenix,AZ
775,1,Apartment,"1602 w denton ln #4464, phoenix, az 85015",Alhambra,Unfurnished,"1602 w denton ln #4464, phoenix, az 85015$775/mo1 bd1 ba600 sqft - apartment for rentshow more",600,phoenix,AZ
695,1,Apartment,"Furnished 1 bed / 1 bath in a 4 bedroom apartment in tempe, 1037 s farmer ave, tempe, az 85281",Mitchell Park East,Furnished,"Furnished 1 bed / 1 bath in a 4 bedroom apartment in tempe, 1037 s farmer ave, tempe, az 85281$695+/mo1 bd1 ba350 sqft - apartment for rentshow more",350,tempe,AZ
749,1,Apartment,"1101 e butler dr apt d, phoenix, az 85020",New Northtown,Unfurnished,"1101 e butler dr apt d, phoenix, az 85020$749/mo1 bd1 ba400 sqft - apartment for rentshow more",400,phoenix,AZ
750,1,Apartment,"2241 w heatherbrae dr apt 10, phoenix, az 85015",Alhambra,Unfurnished,"2241 w heatherbrae dr apt 10, phoenix, az 85015$750/mo1 bd1 ba612 sqft - apartment for rentshow more",612,phoenix,AZ
750,1,Apartment,"1707 e apache blvd apt a1, tempe, az 85281",Tempe,Unfurnished,"1707 e apache blvd apt a1, tempe, az 85281$750/mo1 bd1 ba220 sqft - apartment for rentshow more",220,tempe,AZ
790,1,Apartment,"1736 e brill st, phoenix, az 85006",Central City,Unfurnished,"1736 e brill st, phoenix, az 85006$790/mo1 bd1 ba600 sqft - apartment for rentshow more",600,phoenix,AZ
795,1,Apartment,"Highland palms, 2535 w highland ave, phoenix, az 85017",Alhambra,Unfurnished,"Highland palms, 2535 w highland ave, phoenix, az 85017$795+/mo1 bd1 ba600 sqft - apartment for rentshow more",600,phoenix,AZ
795,1,Apartment,"1703 w mountain view rd, 1703 w mountain view rd apt 15, phoenix, az 85021",North Mountain Village,Unfurnished,"1703 w mountain view rd, 1703 w mountain view rd apt 15, phoenix, az 85021$795/mo1 bd1 ba625 sqft - apartment for rentshow more",625,phoenix,AZ
799,1,Apartment,"1502 e adams st apt 2, phoenix, az 85034",Eastlake Park,Unfurnished,"1502 e adams st apt 2, phoenix, az 85034$799/mo1 bd1 ba455 sqft - apartment for rentshow more",455,phoenix,AZ
799,1,Apartment,"1102 e polk st apt 1, phoenix, az 85006",Central City,Unfurnished,"1102 e polk st apt 1, phoenix, az 85006$799/mo1 bd1 ba442 sqft - apartment for rentshow more",442,phoenix,AZ
799,1,Apartment,"1153 e taylor st apt 2, phoenix, az 85006",Central City,Unfurnished,"1153 e taylor st apt 2, phoenix, az 85006$799/mo1 bd1 ba496 sqft - apartment for rentshow more",496,phoenix,AZ
799,1,Apartment,"1429 e fillmore st apt 6, phoenix, az 85006",Central City,Unfurnished,"1429 e fillmore st apt 6, phoenix, az 85006$799/mo1 bd1 ba480 sqft - apartment for rentshow more",480,phoenix,AZ
799,1,Apartment,"9450 n 17th ave apt 10, phoenix, az 85021",North Mountain Village,Unfurnished,"9450 n 17th ave apt 10, phoenix, az 85021$799/mo1 bd1 ba494 sqft - apartment for rentshow more",494,phoenix,AZ
800,1,Apartment,"328 n 11th pl unit d, phoenix, az 85006",Garfield,Unfurnished,"328 n 11th pl unit d, phoenix, az 85006$800/mo1 bd1 ba250 sqft - apartment for rentshow more",250,phoenix,AZ
800,1,Apartment,"545 n ocotillo dr #t-30, apache junction, az 85120",Apache Junction,Unfurnished,"545 n ocotillo dr #t-30, apache junction, az 85120$800/mo1 bd1 ba400 sqft - apartment for rentshow more",400,apache junction,AZ
825,2,Apartment,"4749 e moreland st, phoenix, az 85008",Villa Verde Condo,Unfurnished,"4749 e moreland st, phoenix, az 85008$825/mo2 bds1 ba928 sqft - apartment for rentshow more",928,phoenix,AZ
825,1,Apartment,"1860 w glenrosa ave apt 1, phoenix, az 85015",Eugene Place,Unfurnished,"1860 w glenrosa ave apt 1, phoenix, az 85015$825/mo1 bd1 ba444 sqft - apartment for rentshow more",444,phoenix,AZ
845,2,Apartment,"1595 w mountain view rd apt 1, phoenix, az 85021",North Mountain Village,Unfurnished,"1595 w mountain view rd apt 1, phoenix, az 85021$845/mo2 bds1 ba500 sqft - apartment for rentshow more",500,phoenix,AZ
650,1,Apartment,"526 e. 8th ave, 526 e 8th ave apt 4, homestead, pa 15120",Munhall,Unfurnished,"526 e. 8th ave, 526 e 8th ave apt 4, homestead, pa 15120$650/mo1 bd1 ba600 sqft - apartment for rentshow more",600,homestead,PA
650,1,Apartment,"1353 orchard ave apt 2, new kensington, pa 15068",New Kensington,Unfurnished,"1353 orchard ave apt 2, new kensington, pa 15068$650/mo1 bd1 ba500 sqft - apartment for rentshow more",500,new kensington,PA
650,1,Apartment,"216 s 2nd ave floor 1, elizabeth, pa 15037",Elizabeth,Unfurnished,"216 s 2nd ave floor 1, elizabeth, pa 15037$650/mo1 bd1 ba600 sqft - apartment for rentshow more",600,elizabeth,PA
650,1,Apartment,"108 s 2nd ave #2b, elizabeth, pa 15037",Elizabeth,Unfurnished,"108 s 2nd ave #2b, elizabeth, pa 15037$650/mo1 bd1 ba800 sqft - apartment for rentshow more",800,elizabeth,PA
645,1,Apartment,"Pinetree gardens, 162 victoria dr, pittsburgh, pa 15227",Brentwood,Unfurnished,"Pinetree gardens, 162 victoria dr, pittsburgh, pa 15227$645+/mo1 bd1 ba475 sqft - apartment for rentshow more",475,pittsburgh,PA
650,1,Apartment,"357 mitchell ave, 357 mitchell ave apt 102, clairton, pa 15025",Clairton,Unfurnished,"357 mitchell ave, 357 mitchell ave apt 102, clairton, pa 15025$650/mo1 bd1 ba700 sqft - apartment for rentshow more",700,clairton,PA
650,1,Apartment,"3403 walnut street, 3403 walnut st #4, mckeesport, pa 15132",McKeesport,Unfurnished,"3403 walnut street, 3403 walnut st #4, mckeesport, pa 15132$650/mo1 bd1 ba700 sqft - apartment for rentshow more",700,mckeesport,PA
699,1,Apartment,"2850 washington blvd, 2850 washington blvd #1, mckeesport, pa 15133",McKeesport,Unfurnished,"2850 washington blvd, 2850 washington blvd #1, mckeesport, pa 15133$699/mo1 bd1 ba600 sqft - apartment for rentshow more",600,mckeesport,PA
700,1,Apartment,"212 martsolf ave #3, pittsburgh, pa 15229",West View,Unfurnished,"212 martsolf ave #3, pittsburgh, pa 15229$700/mo1 bd1 ba700 sqft - apartment for rentshow more",700,pittsburgh,PA
700,2,Apartment,"2801 grover st #1, mckeesport, pa 15132",McKeesport,Unfurnished,"2801 grover st #1, mckeesport, pa 15132$700/mo2 bds1 ba1,686 sqft - apartment for rentshow more",1686,mckeesport,PA
735,1,Apartment,"291 greenlee rd floor 1, pittsburgh, pa 15227",Pittsburgh,Unfurnished,"291 greenlee rd floor 1, pittsburgh, pa 15227$735/mo1 bd1 ba800 sqft - apartment for rentshow more",800,pittsburgh,PA
740,1,Apartment,"1528 superior ave apt 5, pittsburgh, pa 15212",Marshall-Shadeland,Unfurnished,"1528 superior ave apt 5, pittsburgh, pa 15212$740/mo1 bd1 ba600 sqft - apartment for rentshow more",600,pittsburgh,PA
745,1,Apartment,"216 clifton ave apt b, pittsburgh, pa 15215",Pittsburgh,Unfurnished,"216 clifton ave apt b, pittsburgh, pa 15215$745/mo1 bd1 ba619 sqft - apartment for rentshow more",619,pittsburgh,PA
745,1,Apartment,"800 north st apt c, new kensington, pa 15068",New Kensington,Unfurnished,"800 north st apt c, new kensington, pa 15068$745/mo1 bd1 ba650 sqft - apartment for rentshow more",650,new kensington,PA
750,1,Apartment,"Car531, 531 carothers ave apt 1, carnegie, pa 15106",Carnegie,Unfurnished,"Car531, 531 carothers ave apt 1, carnegie, pa 15106$750/mo1 bd1 ba425 sqft - apartment for rentshow more",425,carnegie,PA
750,2,Apartment,"1 camp ave #3, braddock, pa 15104",Braddock,Unfurnished,"1 camp ave #3, braddock, pa 15104$750/mo2 bds1 ba1,000 sqft - apartment for rentshow more",1000,braddock,PA
750,1,Apartment,"627 5th ave #1/2, coraopolis, pa 15108",Coraopolis,Unfurnished,"627 5th ave #1/2, coraopolis, pa 15108$750/mo1 bd1 ba800 sqft - apartment for rentshow more",800,coraopolis,PA
750,1,Apartment,"12 demmer ave, pittsburgh, pa 15221",Pittsburgh,Unfurnished,"12 demmer ave, pittsburgh, pa 15221$750/mo1 bd1 ba750 sqft - apartment for rentshow more",750,pittsburgh,PA
750,1,Apartment,"(undisclosed address), pittsburgh, pa 15210",Pittsburgh,Unfurnished,"(undisclosed address), pittsburgh, pa 15210$750/mo1 bd1 ba582 sqft - apartment for rentshow more",582,pittsburgh,PA
750,1,Apartment,"(undisclosed address), pittsburgh, pa 15210",Pittsburgh,Unfurnished,"(undisclosed address), pittsburgh, pa 15210$750/mo1 bd1 ba550 sqft - apartment for rentshow more",550,pittsburgh,PA
